dataset_id,artifact_file,task_type,target_column,model_type,status,error,accuracy,precision,recall,f1_score,test_samples,n_classes,is_binary,resolved_dataset_path,model_path,executed_tools,tool_flow,r2_score,mse,rmse,mae,mape
classification__easy__abhishek14398_heart-disease-classification__heart,classification__easy__abhishek14398_heart-disease-classification__heart.json,classification,target,random_forest,success,,0.967,0.9697,0.9697,0.9697,303.0,2.0,True,/home/joshua/Code/ai_projects/amalia/backend/data/uploads/heart_train.csv,/home/joshua/Code/ai_projects/amalia/data/batch_results/batch_20260421194752_4aa8f940deepseek_final/models/classification__easy__abhishek14398_heart-disease-classification__heart.pkl,8.0,"['1:read_file_head', '1:infer_data_types', '2:detect_missing_values', '3:split_dataset', '4:train_classification_model', '5:evaluate_classification_model', '5:get_classification_report', '5:calculate_confusion_matrix']",,,,,
classification__easy__brsahan_genomic-data-for-cancer__gene_expression,classification__easy__brsahan_genomic-data-for-cancer__gene_expression.json,classification,Cancer Present,random_forest,success,,0.8668,0.843,0.8952,0.8684,428.0,2.0,True,/home/joshua/Code/ai_projects/amalia/backend/data/uploads/gene_expression_cleaned_train.csv,/home/joshua/Code/ai_projects/amalia/backend/data/models/cancer_classification_model.pkl,6.0,"['1:remove_duplicates', '2:split_dataset', '3:train_classification_model', '4:evaluate_classification_model', '4:get_classification_report', '4:calculate_confusion_matrix']",,,,,
classification__easy__fedesoriano_stellar-classification-dataset-sdss17__star_classification,classification__easy__fedesoriano_stellar-classification-dataset-sdss17__star_classification.json,classification,class,random_forest,success,,0.9738,0.9737,0.9738,0.9737,20000.0,3.0,False,/home/joshua/Code/ai_projects/amalia/backend/data/uploads/star_classification_scaled_train.csv,/home/joshua/Code/ai_projects/amalia/backend/data/models/star_classification_rf.pkl,9.0,"['1:load_csv', '2:encode_categorical', '2:scale_features', '2:split_dataset', '3:train_classification_model', '4:evaluate_classification_model', '4:get_classification_report', '4:calculate_confusion_matrix', '4:save_evaluation_results']",,,,,
classification__easy__himanshunakrani_naive-bayes-classification-data__Naive-Bayes-Classification-Data,classification__easy__himanshunakrani_naive-bayes-classification-data__Naive-Bayes-Classification-Data.json,classification,diabetes,naive_bayes,success,,0.8286,0.8889,0.8889,0.8889,35.0,2.0,True,/home/joshua/Code/ai_projects/amalia/backend/data/uploads/Naive-Bayes-Classification-Data_scaled_train.csv,/home/joshua/Code/ai_projects/amalia/backend/data/models/naive_bayes_diabetes_model.pkl,8.0,"['1:remove_duplicates', '1:scale_features', '1:split_dataset', '2:train_classification_model', '3:evaluate_classification_model', '3:get_classification_report', '3:calculate_confusion_matrix', '3:save_evaluation_results']",,,,,
classification__easy__mahmoudshaheen1134_heart-disease-data__heart disease,classification__easy__mahmoudshaheen1134_heart-disease-data__heart disease.json,classification,target,random_forest,success,,0.8689,0.875,0.875,0.875,61.0,2.0,True,/home/joshua/Code/ai_projects/amalia/backend/data/uploads/heart_disease_scaled_train.csv,/home/joshua/Code/ai_projects/amalia/backend/data/uploads/models/heart_disease_rf_model.pkl,9.0,"['1:read_file_head', '1:infer_data_types', '2:rename_columns', '2:scale_features', '2:split_dataset', '3:train_classification_model', '4:evaluate_classification_model', '4:get_classification_report', '4:calculate_confusion_matrix']",,,,,
classification__easy__priyanshusethi_happiness-classification-dataset__happydata,classification__easy__priyanshusethi_happiness-classification-dataset__happydata.json,classification,happy,random_forest,success,,0.96,0.9231,1.0,0.96,25.0,2.0,True,/home/joshua/Code/ai_projects/amalia/backend/data/uploads/happydata_scaled_train.csv,/home/joshua/Code/ai_projects/amalia/backend/data/models/happiness_classifier.pkl,10.0,"['1:read_file_head', '1:validate_csv_structure', '2:remove_duplicates', '2:scale_features', '2:split_dataset', '3:train_classification_model', '3:get_feature_importance', '4:evaluate_classification_model', '4:get_classification_report', '4:calculate_confusion_matrix']",,,,,
classification__easy__ritwikb3_heart-disease-cleveland__Heart_disease_cleveland_new,classification__easy__ritwikb3_heart-disease-cleveland__Heart_disease_cleveland_new.json,classification,target,random_forest,success,,1.0,1.0,1.0,1.0,61.0,2.0,True,/home/joshua/Code/ai_projects/amalia/backend/data/uploads/Heart_disease_cleveland_new_scaled_train.csv,/home/joshua/Code/ai_projects/amalia/backend/models/heart_disease_random_forest.pkl,9.0,"['1:read_file_head', '1:detect_missing_values', '1:detect_duplicates', '2:scale_features', '2:split_dataset', '3:train_classification_model', '4:evaluate_classification_model', '4:get_classification_report', '4:calculate_confusion_matrix']",,,,,
classification__easy__ritwikb3_heart-disease-statlog__Heart_disease_statlog,classification__easy__ritwikb3_heart-disease-statlog__Heart_disease_statlog.json,classification,target,random_forest,success,,0.9593,0.9658,0.9417,0.9536,270.0,2.0,True,/home/joshua/Code/ai_projects/amalia/backend/data/uploads/Heart_disease_statlog_train.csv,/home/joshua/Code/ai_projects/amalia/data/batch_results/batch_20260421194752_4aa8f940deepseek_final/models/classification__easy__ritwikb3_heart-disease-statlog__Heart_disease_statlog.pkl,8.0,"['1:read_file_head', '1:get_basic_stats', '2:split_dataset', '2:scale_features', '3:train_classification_model', '4:evaluate_classification_model', '4:get_classification_report', '4:calculate_confusion_matrix']",,,,,
classification__easy__robikscube_eye-state-classification-eeg-dataset__EEG_Eye_State_Classification,classification__easy__robikscube_eye-state-classification-eeg-dataset__EEG_Eye_State_Classification.json,classification,eyeDetection,random_forest,success,,1.0,1.0,1.0,1.0,2996.0,2.0,True,/home/joshua/Code/ai_projects/amalia/backend/data/uploads/EEG_Eye_State_Classification_scaled_train.csv,/home/joshua/Code/ai_projects/amalia/backend/data/models/eye_state_classifier.pkl,8.0,"['1:read_file_head', '1:get_basic_stats', '2:scale_features', '2:split_dataset', '3:train_classification_model', '4:evaluate_classification_model', '4:get_classification_report', '4:save_evaluation_results']",,,,,
classification__easy__uciml_glass__glass,classification__easy__uciml_glass__glass.json,classification,Type,random_forest,success,,0.9531,0.9537,0.9531,0.9528,213.0,6.0,False,/home/joshua/Code/ai_projects/amalia/backend/data/uploads/glass_scaled_train.csv,/home/joshua/Code/ai_projects/amalia/backend/data/uploads/datasets/classification/easy/uciml_glass/glass_rf_model.pkl,9.0,"['1:load_csv', '1:detect_duplicates', '2:remove_duplicates', '2:scale_features', '2:split_dataset', '3:train_classification_model', '4:evaluate_classification_model', '4:get_classification_report', '4:calculate_confusion_matrix']",,,,,
classification__easy__uciml_glass__glass.sim_ai_workflow,classification__easy__uciml_glass__glass.sim_ai_workflow.json,unknown,,,failed,Workflow has no executable steps,,,,,,,,,,,,,,,,
classification__easy__yasserh_heart-disease-dataset__heart,classification__easy__yasserh_heart-disease-dataset__heart.json,classification,target,random_forest,success,,0.967,0.9697,0.9697,0.9697,303.0,2.0,True,/home/joshua/Code/ai_projects/amalia/backend/data/uploads/heart_train.csv,/home/joshua/Code/ai_projects/amalia/data/batch_results/batch_20260421194752_4aa8f940deepseek_final/models/classification__easy__yasserh_heart-disease-dataset__heart.pkl,6.0,"['1:read_file_head', '2:split_dataset', '3:train_classification_model', '4:evaluate_classification_model', '4:get_classification_report', '4:calculate_confusion_matrix']",,,,,
classification__easy__yasserh_wine-quality-dataset__WineQT,classification__easy__yasserh_wine-quality-dataset__WineQT.json,classification,quality,random_forest,success,,0.9361,0.9368,0.9361,0.9361,1143.0,6.0,False,/home/joshua/Code/ai_projects/amalia/backend/data/uploads/WineQT_train.csv,/home/joshua/Code/ai_projects/amalia/data/batch_results/batch_20260421194752_4aa8f940deepseek_final/models/classification__easy__yasserh_wine-quality-dataset__WineQT.pkl,8.0,"['1:read_file_head', '1:get_basic_stats', '2:split_dataset', '2:scale_features', '3:train_classification_model', '4:evaluate_classification_model', '4:get_classification_report', '4:calculate_confusion_matrix']",,,,,
classification__hard__abhishek14398_loan-dataset__loan,classification__hard__abhishek14398_loan-dataset__loan.json,classification,total_il_high_credit_limit,naive_bayes,failed,Input y contains NaN.,,,,,,,,,,,,,,,,
classification__hard__andrewmvd_cyberbullying-classification__cyberbullying_tweets,classification__hard__andrewmvd_cyberbullying-classification__cyberbullying_tweets.json,classification,cyberbullying_type,random_forest,success,,0.1657,0.0818,0.1657,0.0924,9539.0,6.0,False,/home/joshua/Code/ai_projects/amalia/backend/data/uploads/cyberbullying_tweets_encoded_train.csv,/home/joshua/Code/ai_projects/amalia/backend/data/uploads/models/cyberbullying_classifier.pkl,7.0,"['1:read_file_head', '1:validate_csv_structure', '2:encode_categorical', '2:split_dataset', '3:train_classification_model', '4:evaluate_classification_model', '4:get_classification_report']",,,,,
classification__hard__balaka18_email-spam-classification-dataset-csv__emails,classification__hard__balaka18_email-spam-classification-dataset-csv__emails.json,classification,target,svm,success,,0.987,0.9743,0.987,0.9806,5172.0,7.0,False,/home/joshua/Code/ai_projects/amalia/backend/data/uploads/datasets/classification/hard/balaka18_email-spam-classification-dataset-csv/emails.csv,/home/joshua/Code/ai_projects/amalia/data/batch_results/batch_20260421194752_4aa8f940deepseek_final/models/classification__hard__balaka18_email-spam-classification-dataset-csv__emails.pkl,3.0,"['1:load_csv', '2:train_classification_model', '3:evaluate_classification_model']",,,,,
classification__hard__ddosad_ecommerce-customer-service-satisfaction__Customer_support_data,classification__hard__ddosad_ecommerce-customer-service-satisfaction__Customer_support_data.json,classification,CSAT Score,random_forest,success,,0.7347,0.7249,0.7347,0.6395,49.0,5.0,False,/home/joshua/Code/ai_projects/amalia/backend/data/uploads/Customer_support_data_encoded_train.csv,/home/joshua/Code/ai_projects/amalia/backend/data/uploads/models/csat_classifier.pkl,11.0,"['1:read_file_head', '1:detect_missing_values', '1:infer_data_types', '2:handle_missing_values', '2:encode_categorical', '2:split_dataset', '3:train_classification_model', '3:get_feature_importance', '4:evaluate_classification_model', '4:get_classification_report', '4:save_evaluation_results']",,,,,
classification__hard__hetulmehta_website-classification__website_classification,classification__hard__hetulmehta_website-classification__website_classification.json,classification,Category,random_forest,success,,0.9943,0.9944,0.9943,0.9943,1408.0,16.0,False,/home/joshua/Code/ai_projects/amalia/backend/data/uploads/datasets/classification/hard/hetulmehta_website-classification/website_classification_encoded.csv,/home/joshua/Code/ai_projects/amalia/backend/data/uploads/datasets/classification/hard/hetulmehta_website-classification/website_classification_model.pkl,9.0,"['1:load_csv', '1:validate_csv_structure', '2:remove_duplicates', '2:rename_columns', '2:encode_categorical', '3:train_classification_model', '4:evaluate_classification_model', '4:get_classification_report', '4:save_evaluation_results']",,,,,
classification__hard__jocelyndumlao_consumer-review-of-clothing-product__Consumer Review of Clothing Product__data_amazon.xlsx - Sheet1,classification__hard__jocelyndumlao_consumer-review-of-clothing-product__Consumer Review of Clothing Product__data_amazon.xlsx - Sheet1.json,classification,Durability,random_forest,failed,Input y contains NaN.,,,,,,,,,,,,,,,,
classification__hard__pashupatigupta_emotion-detection-from-text__tweet_emotions,classification__hard__pashupatigupta_emotion-detection-from-text__tweet_emotions.json,classification,sentiment,random_forest,success,,0.1985,0.1807,0.1985,0.1882,8000.0,13.0,False,/home/joshua/Code/ai_projects/amalia/backend/data/uploads/tweet_emotions_encoded_train.csv,/home/joshua/Code/ai_projects/amalia/backend/data/models/sentiment_classifier.pkl,8.0,"['1:read_file_head', '1:infer_data_types', '2:encode_categorical', '2:split_dataset', '3:train_classification_model', '4:evaluate_classification_model', '4:get_classification_report', '4:save_evaluation_results']",,,,,
classification__hard__prox37_twitter-multilabel-classification-dataset__mLabel_tweets,classification__hard__prox37_twitter-multilabel-classification-dataset__mLabel_tweets.json,classification,labels,random_forest,failed,[Errno 28] No space left on device,,,,,,,,,,,,,,,,
classification__hard__saurabhshahane_ecommerce-text-classification__ecommerceDataset,classification__hard__saurabhshahane_ecommerce-text-classification__ecommerceDataset.json,classification,,,failed,[Errno 28] No space left on device,,,,,,,,,,,,,,,,
classification__hard__shivamb_spam-url-prediction__url_spam_classification,classification__hard__shivamb_spam-url-prediction__url_spam_classification.json,classification,is_spam,random_forest,success,,0.9042,0.0322,0.0662,0.0433,17517.0,2.0,True,/home/joshua/Code/ai_projects/amalia/backend/data/uploads/url_spam_classification_encoded_train.csv,/home/joshua/Code/ai_projects/amalia/backend/models/url_spam_classifier.pkl,10.0,"['1:read_file_head', '1:validate_csv_structure', '1:infer_data_types', '2:remove_duplicates', '2:encode_categorical', '2:split_dataset', '3:train_classification_model', '4:evaluate_classification_model', '4:get_classification_report', '4:calculate_confusion_matrix']",,,,,
classification__mid__andrewmvd_cyberbullying-classification__cyberbullying_tweets,classification__mid__andrewmvd_cyberbullying-classification__cyberbullying_tweets.json,classification,cyberbullying_type,random_forest,success,,0.1657,0.0818,0.1657,0.0924,9539.0,6.0,False,/home/joshua/Code/ai_projects/amalia/backend/data/uploads/cyberbullying_tweets_encoded_train.csv,/home/joshua/Code/ai_projects/amalia/backend/data/models/cyberbullying_classifier.pkl,7.0,"['1:read_file_head', '1:validate_csv_structure', '2:encode_categorical', '2:split_dataset', '3:train_classification_model', '4:evaluate_classification_model', '4:get_classification_report']",,,,,
classification__mid__christianlillelund_csgo-round-winner-classification__csgo_round_snapshots,classification__mid__christianlillelund_csgo-round-winner-classification__csgo_round_snapshots.json,classification,round_winner,decision_tree,failed,"pos_label=1 is not a valid label. It should be one of ['CT', 'T']",,,,,,,,,,,,,,,,
classification__mid__fedesoriano_heart-failure-prediction__heart,classification__mid__fedesoriano_heart-failure-prediction__heart.json,classification,HeartDisease,random_forest,success,,0.8641,0.8131,0.9457,0.8744,184.0,2.0,True,/home/joshua/Code/ai_projects/amalia/backend/data/uploads/heart_scaled_train.csv,/home/joshua/Code/ai_projects/amalia/backend/data/uploads/datasets/classification/mid/fedesoriano_heart-failure-prediction/heart_disease_model.pkl,11.0,"['1:read_file_head', '1:get_basic_stats', '1:infer_data_types', '2:encode_categorical', '2:scale_features', '2:split_dataset', '3:train_classification_model', '3:get_feature_importance', '4:evaluate_classification_model', '4:calculate_confusion_matrix', '4:save_evaluation_results']",,,,,
classification__mid__fedesoriano_stellar-classification-dataset-sdss17__star_classification,classification__mid__fedesoriano_stellar-classification-dataset-sdss17__star_classification.json,classification,class,random_forest,success,,0.9738,0.9737,0.9738,0.9737,20000.0,3.0,False,/home/joshua/Code/ai_projects/amalia/backend/data/uploads/star_classification_scaled_train.csv,/home/joshua/Code/ai_projects/amalia/backend/data/uploads/models/star_classification_rf_model.pkl,9.0,"['1:read_file_head', '1:get_basic_stats', '2:encode_categorical', '2:scale_features', '2:split_dataset', '3:train_classification_model', '4:evaluate_classification_model', '4:get_classification_report', '4:calculate_confusion_matrix']",,,,,
classification__mid__nimapourmoradi_dry-bean-dataset-classification__Dry_Bean_Dataset,classification__mid__nimapourmoradi_dry-bean-dataset-classification__Dry_Bean_Dataset.json,classification,,,failed,scale_features: No valid numeric columns found,,,,,,,,,,,,,,,,
classification__mid__tanishqdublish_text-classification-documentation__df_file,classification__mid__tanishqdublish_text-classification-documentation__df_file.json,classification,Label,random_forest,success,,1.0,1.0,1.0,1.0,2127.0,5.0,False,/home/joshua/Code/ai_projects/amalia/backend/data/uploads/df_file_cleaned_train.csv,/home/joshua/Code/ai_projects/amalia/backend/data/models/text_classification_rf.pkl,10.0,"['1:read_file_head', '1:validate_csv_structure', '1:infer_data_types', '2:remove_duplicates', '2:split_dataset', '3:train_classification_model', '4:evaluate_classification_model', '4:get_classification_report', '4:calculate_confusion_matrix', '4:save_evaluation_results']",,,,,
classification__mid__uciml_iris__Iris,classification__mid__uciml_iris__Iris.json,classification,Species,random_forest,success,,1.0,1.0,1.0,1.0,150.0,3.0,False,/home/joshua/Code/ai_projects/amalia/backend/data/uploads/Iris_encoded_train.csv,/home/joshua/Code/ai_projects/amalia/backend/data/uploads/datasets/classification/mid/uciml_iris/iris_rf_model.pkl,11.0,"['1:read_file_head', '1:get_basic_stats', '1:infer_data_types', '2:remove_duplicates', '2:encode_categorical', '2:split_dataset', '3:train_classification_model', '3:compare_models', '4:evaluate_classification_model', '4:get_classification_report', '4:calculate_confusion_matrix']",,,,,
classification__mid__uciml_pima-indians-diabetes-database__diabetes,classification__mid__uciml_pima-indians-diabetes-database__diabetes.json,classification,Outcome,random_forest,success,,0.9453,0.9216,0.9216,0.9216,768.0,2.0,True,/home/joshua/Code/ai_projects/amalia/backend/data/uploads/diabetes_scaled_train.csv,/home/joshua/Code/ai_projects/amalia/backend/data/models/diabetes_random_forest.pkl,9.0,"['1:load_csv', '1:get_basic_stats', '2:scale_features', '2:split_dataset', '3:train_classification_model', '3:compare_models', '4:evaluate_classification_model', '4:get_classification_report', '4:calculate_confusion_matrix']",,,,,
classification__mid__xhlulu_cpc-codes__titles,classification__mid__xhlulu_cpc-codes__titles.json,classification,class,random_forest,failed,Input y_true contains NaN.,,,,,,,,,,,,,,,,
classification__mid__yasserh_titanic-dataset__Titanic-Dataset,classification__mid__yasserh_titanic-dataset__Titanic-Dataset.json,classification,Embarked,random_forest,failed,train_classification_model: Target column 'Embarked' not found,,,,,,,,,,,,,,,,
regression__easy__ganjerlawrence_mobile-phone-price-prediction-cleaned-dataset__Mobile-Price-Prediction-cleaned_data,regression__easy__ganjerlawrence_mobile-phone-price-prediction-cleaned-dataset__Mobile-Price-Prediction-cleaned_data.json,regression,Price,random_forest,success,,,,,,109.0,,,/home/joshua/Code/ai_projects/amalia/backend/data/uploads/Mobile-Price-Prediction-cleaned_data_cleaned_train.csv,/home/joshua/Code/ai_projects/amalia/backend/models/mobile_price_random_forest.pkl,5.0,"['1:remove_duplicates', '2:split_dataset', '3:train_regression_model', '4:evaluate_regression_model', '4:save_evaluation_results']",0.977,8020518.5517,2832.052,1183.0064,47.8197
regression__easy__govindaramsriram_crop-yield-of-a-farm__crop_yield_data,regression__easy__govindaramsriram_crop-yield-of-a-farm__crop_yield_data.json,regression,crop_yield,random_forest,success,,,,,,600.0,,,/home/joshua/Code/ai_projects/amalia/backend/data/uploads/crop_yield_data_scaled_train.csv,/home/joshua/Code/ai_projects/amalia/backend/data/uploads/datasets/regression/easy/govindaramsriram_crop-yield-of-a-farm/random_forest_model.pkl,10.0,"['1:read_file_head', '1:get_basic_stats', '1:infer_data_types', '2:scale_features', '2:split_dataset', '3:train_regression_model', '3:get_feature_importance', '4:evaluate_regression_model', '4:calculate_residuals', '4:save_evaluation_results']",0.9997,6.8357,2.6145,2.0307,0.8415
regression__easy__nalisha_numerical-feature-based-target-prediction-using-ml__practice_dataset,regression__easy__nalisha_numerical-feature-based-target-prediction-using-ml__practice_dataset.json,regression,target,random_forest,success,,,,,,10000.0,,,/home/joshua/Code/ai_projects/amalia/backend/data/uploads/practice_dataset_train.csv,/home/joshua/Code/ai_projects/amalia/data/batch_results/batch_20260421194752_4aa8f940deepseek_final/models/regression__easy__nalisha_numerical-feature-based-target-prediction-using-ml__practice_dataset.pkl,9.0,"['1:read_file_head', '1:get_basic_stats', '2:split_dataset', '2:scale_features', '3:train_regression_model', '3:compare_models', '4:evaluate_regression_model', '4:calculate_residuals', '4:save_evaluation_results']",0.992,42.962,6.5545,4.5243,25.3167
regression__easy__quantbruce_real-estate-price-prediction__Real estate,regression__easy__quantbruce_real-estate-price-prediction__Real estate.json,regression,Y house price of unit area,random_forest,success,,,,,,414.0,,,/home/joshua/Code/ai_projects/amalia/backend/data/uploads/Real estate_train.csv,/home/joshua/Code/ai_projects/amalia/data/batch_results/batch_20260421194752_4aa8f940deepseek_final/models/regression__easy__quantbruce_real-estate-price-prediction__Real estate.pkl,7.0,"['1:read_file_head', '1:get_basic_stats', '2:split_dataset', '2:scale_features', '3:train_regression_model', '4:evaluate_regression_model', '4:save_evaluation_results']",0.9251,13.8294,3.7188,2.2928,6.6837
regression__easy__ranitsarkar01_porter-delivery-time-estimation__dataset,regression__easy__ranitsarkar01_porter-delivery-time-estimation__dataset.json,regression,total_outstanding_orders,random_forest,success,,,,,,39486.0,,,/home/joshua/Code/ai_projects/amalia/backend/data/uploads/dataset_scaled_train.csv,/home/joshua/Code/ai_projects/amalia/backend/data/uploads/models/regression/total_outstanding_orders_rf_model.pkl,12.0,"['1:read_file_head', '1:detect_missing_values', '1:infer_data_types', '2:handle_missing_values', '2:encode_categorical', '2:scale_features', '2:split_dataset', '3:train_regression_model', '3:get_feature_importance', '4:evaluate_regression_model', '4:calculate_residuals', '4:save_evaluation_results']",0.9395,156.7146,12.5186,7.867,
regression__easy__sakshisatre_the-boston-housing-dataset__Boston (1),regression__easy__sakshisatre_the-boston-housing-dataset__Boston (1).json,regression,MEDV,random_forest,success,,,,,,506.0,,,/home/joshua/Code/ai_projects/amalia/backend/data/uploads/Boston (1)_train.csv,/home/joshua/Code/ai_projects/amalia/data/batch_results/batch_20260421194752_4aa8f940deepseek_final/models/regression__easy__sakshisatre_the-boston-housing-dataset__Boston (1).pkl,9.0,"['1:read_file_head', '1:get_basic_stats', '2:split_dataset', '2:scale_features', '3:train_regression_model', '3:get_feature_importance', '4:evaluate_regression_model', '4:calculate_residuals', '4:save_evaluation_results']",0.9624,3.1724,1.7811,1.1325,5.8584
regression__easy__thedevastator_age-prediction-for-individuals-using-multi-omic__test_rows,regression__easy__thedevastator_age-prediction-for-individuals-using-multi-omic__test_rows.json,regression,KLF14_2,random_forest,success,,,,,,104.0,,,/home/joshua/Code/ai_projects/amalia/backend/data/uploads/datasets/regression/easy/thedevastator_age-prediction-for-individuals-using-multi-omic/test_rows.csv,/home/joshua/Code/ai_projects/amalia/data/batch_results/batch_20260421194752_4aa8f940deepseek_final/models/regression__easy__thedevastator_age-prediction-for-individuals-using-multi-omic__test_rows.pkl,4.0,"['1:load_csv', '2:train_regression_model', '3:evaluate_regression_model', '3:save_evaluation_results']",0.7906,0.8469,0.9203,0.6149,28.2707
regression__easy__zubairdhuddi_linear-regression__test,regression__easy__zubairdhuddi_linear-regression__test.json,regression,y,linear,failed,Input file not found: /app/data/uploads/datasets/regression/easy/zubairdhuddi_linear-regression/test.csv_train.csv,,,,,,,,,,,,,,,,
regression__hard__anujsaha0123456789_house-prices-cleaned-dataset-for-regression-ml__house_prices_cleaned,regression__hard__anujsaha0123456789_house-prices-cleaned-dataset-for-regression-ml__house_prices_cleaned.json,regression,SalePrice,svr,success,,,,,,1460.0,,,/home/joshua/Code/ai_projects/amalia/backend/data/uploads/datasets/regression/hard/anujsaha0123456789_house-prices-cleaned-dataset-for-regression-ml/house_prices_cleaned.csv,/home/joshua/Code/ai_projects/amalia/data/batch_results/batch_20260421194752_4aa8f940deepseek_final/models/regression__hard__anujsaha0123456789_house-prices-cleaned-dataset-for-regression-ml__house_prices_cleaned.pkl,3.0,"['1:load_csv', '2:train_regression_model', '3:evaluate_regression_model']",-0.0398,6557949939.5246,80981.1703,55540.0192,32.1043
regression__hard__bharatsahu_house-price-prediction-dataset-insurancehub-usa__House_price_multifeatures,regression__hard__bharatsahu_house-price-prediction-dataset-insurancehub-usa__House_price_multifeatures.json,classification,TTTerritory,decision_tree,failed,Input contains NaN,,,,,,,,,,,,,,,,
regression__hard__bjaton_housepricesadvancedregressiontechniquestrain__train,regression__hard__bjaton_housepricesadvancedregressiontechniquestrain__train.json,regression,SalePrice,gradient_boosting,failed,"Input X contains NaN.
GradientBoostingRegressor does not accept missing values encoded as NaN natively. For supervised learning, you might want to consider sklearn.ensemble.HistGradientBoostingClassifier and Regressor which accept missing values encoded as NaNs natively. Alternatively, it is possible to preprocess the data, for instance by using an imputer transformer in a pipeline or drop samples with missing values. See https://scikit-learn.org/stable/modules/impute.html You can find a list of all estimators that handle NaN values at the following page: https://scikit-learn.org/stable/modules/impute.html#estimators-that-handle-nan-values",,,,,,,,,,,,,,,,
regression__hard__bobnau_daily-website-visitors__daily-website-visitors,regression__hard__bobnau_daily-website-visitors__daily-website-visitors.json,regression,,,failed,scale_features: No valid numeric columns found,,,,,,,,,,,,,,,,
regression__hard__deepcontractor_car-price-prediction-challenge__car_price_prediction,regression__hard__deepcontractor_car-price-prediction-challenge__car_price_prediction.json,regression,Price,gradient_boosting,success,,,,,,19237.0,,,/home/joshua/Code/ai_projects/amalia/backend/data/uploads/car_price_prediction_scaled_train.csv,/home/joshua/Code/ai_projects/amalia/backend/models/car_price_gradient_boosting.pkl,11.0,"['1:read_file_head', '1:load_csv', '2:handle_missing_values', '2:encode_categorical', '2:scale_features', '2:split_dataset', '3:train_regression_model', '3:compare_models', '4:evaluate_regression_model', '4:calculate_residuals', '4:save_evaluation_results']",0.9941,0.0059,0.0771,0.039,190.6779
regression__hard__kanchana1990_colorado-real-estate-market-2026__colorado_real_estate_2026,regression__hard__kanchana1990_colorado-real-estate-market-2026__colorado_real_estate_2026.json,regression,garage,random_forest,success,,,,,,1673.0,,,/home/joshua/Code/ai_projects/amalia/backend/data/uploads/colorado_real_estate_2026_encoded_train.csv,/home/joshua/Code/ai_projects/amalia/backend/data/uploads/models/colorado_garage_rf_model.pkl,11.0,"['1:read_file_head', '1:detect_missing_values', '1:infer_data_types', '2:handle_missing_values', '2:encode_categorical', '2:split_dataset', '3:train_regression_model', '3:get_feature_importance', '4:evaluate_regression_model', '4:calculate_residuals', '4:save_evaluation_results']",-0.0675,3.2526,1.8035,0.4428,20.1147
regression__hard__milanvaddoriya_old-car-price-prediction__car_price,regression__hard__milanvaddoriya_old-car-price-prediction__car_price.json,regression,price,random_forest,failed,could not convert string to float: '12.20 Lakh',,,,,,,,,,,,,,,,
regression__hard__spittman1248_cdc-data-nutrition-physical-activity-obesity__Nutrition__Physical_Activity__and_Obesity_-_Behavioral_Risk_Factor_Surveillance_System,regression__hard__spittman1248_cdc-data-nutrition-physical-activity-obesity__Nutrition__Physical_Activity__and_Obesity_-_Behavioral_Risk_Factor_Surveillance_System.json,classification,Class,naive_bayes,failed,"Input X contains NaN.
GaussianNB does not accept missing values encoded as NaN natively. For supervised learning, you might want to consider sklearn.ensemble.HistGradientBoostingClassifier and Regressor which accept missing values encoded as NaNs natively. Alternatively, it is possible to preprocess the data, for instance by using an imputer transformer in a pipeline or drop samples with missing values. See https://scikit-learn.org/stable/modules/impute.html You can find a list of all estimators that handle NaN values at the following page: https://scikit-learn.org/stable/modules/impute.html#estimators-that-handle-nan-values",,,,,,,,,,,,,,,,
regression__hard__taweilo_mba-admission-dataset__MBA,regression__hard__taweilo_mba-admission-dataset__MBA.json,classification,admission,random_forest,success,,1.0,1.0,1.0,1.0,139.0,2.0,True,/home/joshua/Code/ai_projects/amalia/backend/data/uploads/MBA_scaled_train.csv,/home/joshua/Code/ai_projects/amalia/backend/data/models/mba_admission_model.pkl,10.0,"['1:load_csv', '1:detect_missing_values', '2:handle_missing_values', '2:encode_categorical', '2:scale_features', '2:split_dataset', '3:train_classification_model', '4:evaluate_classification_model', '4:get_classification_report', '4:save_evaluation_results']",,,,,
regression__hard__valakhorasani_tehran-house-prices-dataset__TehranHouse,regression__hard__valakhorasani_tehran-house-prices-dataset__TehranHouse.json,regression,Price(USD),random_forest,success,,,,,,3271.0,,,/home/joshua/Code/ai_projects/amalia/backend/data/uploads/datasets/regression/hard/valakhorasani_tehran-house-prices-dataset/TehranHouse_scaled.csv,/home/joshua/Code/ai_projects/amalia/backend/data/models/tehran_house_price_model.pkl,11.0,"['1:load_csv', '1:read_file_head', '2:remove_duplicates', '2:handle_missing_values', '2:encode_categorical', '2:scale_features', '3:train_regression_model', '3:cross_validate_model', '4:evaluate_regression_model', '4:calculate_residuals', '4:save_evaluation_results']",0.9998,16828758.3077,4102.287,446.8688,0.4582
regression__mid__CooperUnion_cardataset__data,regression__mid__CooperUnion_cardataset__data.json,regression,MSRP,random_forest,success,,,,,,11199.0,,,/home/joshua/Code/ai_projects/amalia/backend/data/uploads/data_scaled_train.csv,/home/joshua/Code/ai_projects/amalia/backend/data/models/msrp_random_forest.pkl,11.0,"['1:read_file_head', '2:remove_duplicates', '2:encode_categorical', '2:scale_features', '2:split_dataset', '3:train_regression_model', '3:compare_models', '3:get_feature_importance', '4:evaluate_regression_model', '4:calculate_residuals', '4:save_evaluation_results']",0.9738,99377855.0054,9968.8442,2195.6782,5.4669
regression__mid__alamshihab075_health-and-lifestyle-data-for-diabetes-prediction__Diabetes_and_LifeStyle_Dataset ,regression__mid__alamshihab075_health-and-lifestyle-data-for-diabetes-prediction__Diabetes_and_LifeStyle_Dataset .json,classification,diagnosed_diabetes,decision_tree,success,,0.9996,0.9999,0.9994,0.9997,97297.0,2.0,True,/home/joshua/Code/ai_projects/amalia/backend/data/uploads/datasets/regression/mid/alamshihab075_health-and-lifestyle-data-for-diabetes-prediction/Diabetes_and_LifeStyle_Dataset .csv,/home/joshua/Code/ai_projects/amalia/data/batch_results/batch_20260421194752_4aa8f940deepseek_final/models/regression__mid__alamshihab075_health-and-lifestyle-data-for-diabetes-prediction__Diabetes_and_LifeStyle_Dataset .pkl,3.0,"['1:load_csv', '2:train_classification_model', '3:evaluate_classification_model']",,,,,
regression__mid__camnugent_california-housing-prices__housing,regression__mid__camnugent_california-housing-prices__housing.json,regression,median_house_value,random_forest,success,,,,,,4128.0,,,/home/joshua/Code/ai_projects/amalia/backend/data/uploads/housing_scaled_train.csv,/home/joshua/Code/ai_projects/amalia/backend/data/models/housing_random_forest.pkl,10.0,"['1:read_file_head', '1:get_basic_stats', '2:encode_categorical', '2:scale_features', '2:split_dataset', '3:train_regression_model', '3:get_feature_importance', '4:evaluate_regression_model', '4:calculate_residuals', '4:save_evaluation_results']",0.9202,1073718466.0115,32767.6436,18705.3256,10.1507
regression__mid__harlfoxem_housesalesprediction__kc_house_data,regression__mid__harlfoxem_housesalesprediction__kc_house_data.json,regression,sqft_lot15,random_forest,success,,,,,,21613.0,,,/home/joshua/Code/ai_projects/amalia/backend/data/uploads/kc_house_data_scaled_train.csv,/home/joshua/Code/ai_projects/amalia/backend/data/uploads/datasets/regression/mid/harlfoxem_housesalesprediction/random_forest_model.pkl,12.0,"['1:load_csv', '1:get_basic_stats', '2:handle_missing_values', '2:remove_duplicates', '2:encode_categorical', '2:scale_features', '2:split_dataset', '3:train_regression_model', '3:get_feature_importance', '4:evaluate_regression_model', '4:calculate_residuals', '4:save_evaluation_results']",0.8961,77437156.2334,8799.8384,1858.9767,11.0799
regression__mid__hrokrin_the-largest-diamond-dataset-currely-on-kaggle__diamonds,regression__mid__hrokrin_the-largest-diamond-dataset-currely-on-kaggle__diamonds.json,regression,total_sales_price,gradient_boosting,success,,,,,,219703.0,,,/home/joshua/Code/ai_projects/amalia/backend/data/uploads/diamonds_scaled_train.csv,/home/joshua/Code/ai_projects/amalia/backend/data/models/diamonds_gradient_boosting.pkl,9.0,"['1:load_csv', '1:get_basic_stats', '2:encode_categorical', '2:scale_features', '2:split_dataset', '3:train_regression_model', '4:evaluate_regression_model', '4:calculate_residuals', '4:save_evaluation_results']",0.9938,4206706.7,2051.0258,181.7182,2.8556
regression__mid__lorenzozoppelletto_financial-risk-for-loan-approval__Loan,regression__mid__lorenzozoppelletto_financial-risk-for-loan-approval__Loan.json,regression,RiskScore,random_forest,success,,,,,,4000.0,,,/home/joshua/Code/ai_projects/amalia/backend/data/uploads/Loan_scaled_train.csv,/home/joshua/Code/ai_projects/amalia/backend/data/uploads/models/risk_score_random_forest.pkl,10.0,"['1:load_csv', '1:get_basic_stats', '2:encode_categorical', '2:scale_features', '2:split_dataset', '3:train_regression_model', '3:get_feature_importance', '4:evaluate_regression_model', '4:calculate_residuals', '4:save_evaluation_results']",0.9972,0.1663,0.4078,0.2599,0.5211
regression__mid__mirichoi0218_insurance__insurance,regression__mid__mirichoi0218_insurance__insurance.json,regression,charges,random_forest,success,,,,,,268.0,,,/home/joshua/Code/ai_projects/amalia/backend/data/uploads/insurance_scaled_train.csv,/home/joshua/Code/ai_projects/amalia/backend/data/uploads/models/insurance_rf_model.pkl,11.0,"['1:read_file_head', '1:get_basic_stats', '1:infer_data_types', '2:encode_categorical', '2:scale_features', '2:split_dataset', '3:train_regression_model', '3:compare_models', '4:evaluate_regression_model', '4:calculate_residuals', '4:save_evaluation_results']",0.9748,3930549.0667,1982.5612,1120.2695,13.3666
regression__mid__ranitsarkar01_porter-delivery-time-estimation__dataset,regression__mid__ranitsarkar01_porter-delivery-time-estimation__dataset.json,regression,total_outstanding_orders,random_forest,failed,Input y contains NaN.,,,,,,,,,,,,,,,,
regression__mid__rupals_gpu-runtime__sgemm_product,regression__mid__rupals_gpu-runtime__sgemm_product.json,regression,Run4 (ms),random_forest,success,,,,,,241600.0,,,/home/joshua/Code/ai_projects/amalia/backend/data/uploads/sgemm_product_train.csv,/home/joshua/Code/ai_projects/amalia/data/batch_results/batch_20260421194752_4aa8f940deepseek_final/models/regression__mid__rupals_gpu-runtime__sgemm_product.pkl,6.0,"['1:load_csv', '2:analyze_csv', '3:split_dataset', '4:train_regression_model', '5:evaluate_regression_model', '5:calculate_residuals']",1.0,5.7869,2.4056,0.7039,0.6116
regression__mid__yasserh_uber-fares-dataset__uber,regression__mid__yasserh_uber-fares-dataset__uber.json,regression,passenger_count,random_forest,success,,,,,,40000.0,,,/home/joshua/Code/ai_projects/amalia/backend/data/uploads/uber_scaled_train.csv,/home/joshua/Code/ai_projects/amalia/backend/data/uploads/models/uber_passenger_model.pkl,12.0,"['1:read_file_head', '1:infer_data_types', '1:get_basic_stats', '2:rename_columns', '2:encode_categorical', '2:scale_features', '2:split_dataset', '3:train_regression_model', '3:get_feature_importance', '4:evaluate_regression_model', '4:calculate_residuals', '4:save_evaluation_results']",-0.0691,1.8195,1.3489,1.0212,
