dataset_id,artifact_file,task_type,target_column,model_type,status,error,dataset_rows,usable_rows,feature_count,model_path,resolved_dataset_path,dropped_hyperparameters,train_accuracy,test_accuracy,precision,recall,f1_score,test_samples,n_classes,filepath_resolution_note,train_r2,test_r2,mse,rmse,mae
classification__easy__abhishek14398_heart-disease-classification__heart,classification__easy__abhishek14398_heart-disease-classification__heart.json,classification,target,random_forest,success,,303.0,303.0,13.0,/app/data/batch_results/batch_20260421194752_4aa8f940deepseek/models/classification__easy__abhishek14398_heart-disease-classification__heart.pkl,/app/data/uploads/datasets/classification/easy/abhishek14398_heart-disease-classification/heart.csv,3.0,1.0,0.8361,0.8583,0.8361,0.8313,61.0,2.0,,,,,,
classification__easy__brsahan_genomic-data-for-cancer__gene_expression,classification__easy__brsahan_genomic-data-for-cancer__gene_expression.json,classification,Cancer Present,random_forest,success,,3000.0,3000.0,2.0,/app/data/batch_results/batch_20260421194752_4aa8f940deepseek/models/classification__easy__brsahan_genomic-data-for-cancer__gene_expression.pkl,/app/data/uploads/datasets/classification/easy/brsahan_genomic-data-for-cancer/gene_expression.csv,1.0,0.975,0.9233,0.9233,0.9233,0.9233,600.0,2.0,Used fallback candidate filepath: /app/data/uploads/datasets/classification/easy/brsahan_genomic-data-for-cancer/gene_expression.csv,,,,,
classification__easy__fedesoriano_stellar-classification-dataset-sdss17__star_classification,classification__easy__fedesoriano_stellar-classification-dataset-sdss17__star_classification.json,classification,class,random_forest,success,,100000.0,100000.0,17.0,/app/data/batch_results/batch_20260421194752_4aa8f940deepseek/models/classification__easy__fedesoriano_stellar-classification-dataset-sdss17__star_classification.pkl,/app/data/uploads/datasets/classification/easy/fedesoriano_stellar-classification-dataset-sdss17/star_classification.csv,3.0,1.0,0.9797,0.9796,0.9797,0.9795,20000.0,3.0,Recovered source dataset path from transformed filename: /app/data/uploads/datasets/classification/easy/fedesoriano_stellar-classification-dataset-sdss17/star_classification_scaled.csv,,,,,
classification__easy__himanshunakrani_naive-bayes-classification-data__Naive-Bayes-Classification-Data,classification__easy__himanshunakrani_naive-bayes-classification-data__Naive-Bayes-Classification-Data.json,classification,diabetes,naive_bayes,success,,995.0,995.0,2.0,/app/data/batch_results/batch_20260421194752_4aa8f940deepseek/models/classification__easy__himanshunakrani_naive-bayes-classification-data__Naive-Bayes-Classification-Data.pkl,/app/data/uploads/datasets/classification/easy/himanshunakrani_naive-bayes-classification-data/Naive-Bayes-Classification-Data.csv,3.0,0.9397,0.9095,0.9095,0.9095,0.9095,199.0,2.0,Recovered source dataset path from transformed filename: /app/data/uploads/datasets/classification/easy/himanshunakrani_naive-bayes-classification-data/Naive-Bayes-Classification-Data_scaled.csv,,,,,
classification__easy__mahmoudshaheen1134_heart-disease-data__heart disease,classification__easy__mahmoudshaheen1134_heart-disease-data__heart disease.json,classification,target,random_forest,success,,303.0,303.0,13.0,/app/data/batch_results/batch_20260421194752_4aa8f940deepseek/models/classification__easy__mahmoudshaheen1134_heart-disease-data__heart disease.pkl,/app/data/uploads/datasets/classification/easy/mahmoudshaheen1134_heart-disease-data/heart disease.csv,3.0,1.0,0.8361,0.8583,0.8361,0.8313,61.0,2.0,Used fallback candidate filepath: /app/data/uploads/datasets/classification/easy/mahmoudshaheen1134_heart-disease-data/heart disease.csv,,,,,
classification__easy__priyanshusethi_happiness-classification-dataset__happydata,classification__easy__priyanshusethi_happiness-classification-dataset__happydata.json,classification,happy,random_forest,success,,143.0,143.0,6.0,/app/data/batch_results/batch_20260421194752_4aa8f940deepseek/models/classification__easy__priyanshusethi_happiness-classification-dataset__happydata.pkl,/app/data/uploads/datasets/classification/easy/priyanshusethi_happiness-classification-dataset/happydata.csv,3.0,0.9649,0.5862,0.5817,0.5862,0.5811,29.0,2.0,Recovered source dataset path from transformed filename: /app/data/uploads/datasets/classification/easy/priyanshusethi_happiness-classification-dataset/happydata_scaled.csv,,,,,
classification__easy__ritwikb3_heart-disease-cleveland__Heart_disease_cleveland_new,classification__easy__ritwikb3_heart-disease-cleveland__Heart_disease_cleveland_new.json,classification,target,random_forest,success,,303.0,303.0,13.0,/app/data/batch_results/batch_20260421194752_4aa8f940deepseek/models/classification__easy__ritwikb3_heart-disease-cleveland__Heart_disease_cleveland_new.pkl,/app/data/uploads/datasets/classification/easy/ritwikb3_heart-disease-cleveland/Heart_disease_cleveland_new.csv,3.0,1.0,0.8852,0.8899,0.8852,0.8854,61.0,2.0,Recovered source dataset path from transformed filename: /app/data/uploads/datasets/classification/easy/ritwikb3_heart-disease-cleveland/Heart_disease_cleveland_new_scaled.csv,,,,,
classification__easy__ritwikb3_heart-disease-statlog__Heart_disease_statlog,classification__easy__ritwikb3_heart-disease-statlog__Heart_disease_statlog.json,classification,target,random_forest,success,,270.0,270.0,13.0,/app/data/batch_results/batch_20260421194752_4aa8f940deepseek/models/classification__easy__ritwikb3_heart-disease-statlog__Heart_disease_statlog.pkl,/app/data/uploads/datasets/classification/easy/ritwikb3_heart-disease-statlog/Heart_disease_statlog.csv,3.0,1.0,0.8148,0.8181,0.8148,0.8153,54.0,2.0,,,,,,
classification__easy__robikscube_eye-state-classification-eeg-dataset__EEG_Eye_State_Classification,classification__easy__robikscube_eye-state-classification-eeg-dataset__EEG_Eye_State_Classification.json,classification,eyeDetection,random_forest,success,,14980.0,14980.0,14.0,/app/data/batch_results/batch_20260421194752_4aa8f940deepseek/models/classification__easy__robikscube_eye-state-classification-eeg-dataset__EEG_Eye_State_Classification.pkl,/app/data/uploads/datasets/classification/easy/robikscube_eye-state-classification-eeg-dataset/EEG_Eye_State_Classification.csv,3.0,1.0,0.9309,0.9314,0.9309,0.9307,2996.0,2.0,Recovered source dataset path from transformed filename: /app/data/uploads/datasets/classification/easy/robikscube_eye-state-classification-eeg-dataset/EEG_Eye_State_Classification_scaled.csv,,,,,
classification__easy__uciml_glass__glass,classification__easy__uciml_glass__glass.json,classification,Type,random_forest,success,,214.0,214.0,9.0,/app/data/batch_results/batch_20260421194752_4aa8f940deepseek/models/classification__easy__uciml_glass__glass.pkl,/app/data/uploads/datasets/classification/easy/uciml_glass/glass.csv,3.0,1.0,0.8372,0.8542,0.8372,0.8355,43.0,6.0,Recovered source dataset path from transformed filename: /app/data/uploads/datasets/classification/easy/uciml_glass/glass_scaled.csv,,,,,
classification__easy__yasserh_heart-disease-dataset__heart,classification__easy__yasserh_heart-disease-dataset__heart.json,classification,target,random_forest,success,,303.0,303.0,13.0,/app/data/batch_results/batch_20260421194752_4aa8f940deepseek/models/classification__easy__yasserh_heart-disease-dataset__heart.pkl,/app/data/uploads/datasets/classification/easy/yasserh_heart-disease-dataset/heart.csv,3.0,1.0,0.8361,0.8583,0.8361,0.8313,61.0,2.0,,,,,,
classification__easy__yasserh_wine-quality-dataset__WineQT,classification__easy__yasserh_wine-quality-dataset__WineQT.json,classification,quality,random_forest,success,,1143.0,1143.0,12.0,/app/data/batch_results/batch_20260421194752_4aa8f940deepseek/models/classification__easy__yasserh_wine-quality-dataset__WineQT.pkl,/app/data/uploads/datasets/classification/easy/yasserh_wine-quality-dataset/WineQT.csv,3.0,1.0,0.7031,0.6687,0.7031,0.6817,229.0,6.0,,,,,,
classification__hard__abhishek14398_loan-dataset__loan,classification__hard__abhishek14398_loan-dataset__loan.json,classification,total_il_high_credit_limit,naive_bayes,failed,Insufficient usable rows after cleaning missing target/feature values,,,,,,,,,,,,,,,,,,,
classification__hard__andrewmvd_cyberbullying-classification__cyberbullying_tweets,classification__hard__andrewmvd_cyberbullying-classification__cyberbullying_tweets.json,classification,cyberbullying_type,random_forest,success,,47692.0,47692.0,1.0,/app/data/batch_results/batch_20260421194752_4aa8f940deepseek/models/classification__hard__andrewmvd_cyberbullying-classification__cyberbullying_tweets.pkl,/app/data/uploads/datasets/classification/hard/andrewmvd_cyberbullying-classification/cyberbullying_tweets.csv,3.0,0.9731,0.9271,0.9271,0.9271,0.9271,9539.0,6.0,Recovered source dataset path from transformed filename: /app/data/uploads/datasets/classification/hard/andrewmvd_cyberbullying-classification/cyberbullying_tweets_encoded.csv,,,,,
classification__hard__balaka18_email-spam-classification-dataset-csv__emails,classification__hard__balaka18_email-spam-classification-dataset-csv__emails.json,classification,,,failed,"The least populated classes in y have only 1 member, which is too few. The minimum number of groups for any class cannot be less than 2. Classes with too few members are: [6]",,,,,,,,,,,,,,,,,,,
classification__hard__ddosad_ecommerce-customer-service-satisfaction__Customer_support_data,classification__hard__ddosad_ecommerce-customer-service-satisfaction__Customer_support_data.json,classification,CSAT Score,random_forest,success,,85907.0,85907.0,19.0,/app/data/batch_results/batch_20260421194752_4aa8f940deepseek/models/classification__hard__ddosad_ecommerce-customer-service-satisfaction__Customer_support_data.pkl,/app/data/uploads/datasets/classification/hard/ddosad_ecommerce-customer-service-satisfaction/Customer_support_data.csv,1.0,1.0,0.691,0.5714,0.691,0.5928,17182.0,5.0,Recovered source dataset path from transformed filename: /app/data/uploads/datasets/classification/hard/ddosad_ecommerce-customer-service-satisfaction/Customer_support_data_encoded.csv,,,,,
classification__hard__hetulmehta_website-classification__website_classification,classification__hard__hetulmehta_website-classification__website_classification.json,classification,Category,random_forest,success,,1408.0,1408.0,3.0,/app/data/batch_results/batch_20260421194752_4aa8f940deepseek/models/classification__hard__hetulmehta_website-classification__website_classification.pkl,/app/data/uploads/datasets/classification/hard/hetulmehta_website-classification/website_classification.csv,3.0,1.0,0.9787,0.9799,0.9787,0.9787,282.0,16.0,Recovered source dataset path from transformed filename: /app/data/uploads/datasets/classification/hard/hetulmehta_website-classification/website_classification_encoded.csv,,,,,
classification__hard__jocelyndumlao_consumer-review-of-clothing-product__Consumer Review of Clothing Product__data_amazon.xlsx - Sheet1,classification__hard__jocelyndumlao_consumer-review-of-clothing-product__Consumer Review of Clothing Product__data_amazon.xlsx - Sheet1.json,classification,,,failed,"The least populated classes in y have only 1 member, which is too few. The minimum number of groups for any class cannot be less than 2. Classes with too few members are: [9.0]",,,,,,,,,,,,,,,,,,,
classification__hard__pashupatigupta_emotion-detection-from-text__tweet_emotions,classification__hard__pashupatigupta_emotion-detection-from-text__tweet_emotions.json,classification,sentiment,random_forest,success,,40000.0,40000.0,2.0,/app/data/batch_results/batch_20260421194752_4aa8f940deepseek/models/classification__hard__pashupatigupta_emotion-detection-from-text__tweet_emotions.pkl,/app/data/uploads/datasets/classification/hard/pashupatigupta_emotion-detection-from-text/tweet_emotions.csv,3.0,0.9999,0.183,0.1806,0.183,0.1817,8000.0,13.0,Used fallback candidate filepath: /app/data/uploads/datasets/classification/hard/pashupatigupta_emotion-detection-from-text/tweet_emotions.csv,,,,,
classification__hard__prox37_twitter-multilabel-classification-dataset__mLabel_tweets,classification__hard__prox37_twitter-multilabel-classification-dataset__mLabel_tweets.json,classification,,,failed,"The least populated classes in y have only 1 member, which is too few. The minimum number of groups for any class cannot be less than 2. Classes with too few members are: ['conspiracy country ingredients', 'conspiracy country pharma', 'conspiracy country side-effect', 'conspiracy ineffective ingredients', 'conspiracy ingredients mandatory', 'conspiracy ingredients pharma', 'conspiracy mandatory political', 'conspiracy mandatory side-effect', 'conspiracy pharma rushed', 'conspiracy unnecessary ingredients', 'country conspiracy', 'country ingredients', 'country mandatory', 'country political pharma', 'country side-effect ineffective', 'country side-effect religious', 'country unnecessary', 'ineffective conspiracy', 'ineffective country side-effect', 'ineffective mandatory side-effect', 'ineffective mandatory unnecessary', 'ineffective pharma unnecessary', 'ineffective rushed country', 'ineffective rushed pharma', 'ineffective rushed political', 'ineffective rushed side-effect', 'ineffective rushed unnecessary', 'ineffective side-effect pharma', 'ineffective side-effect rushed', 'ineffective unnecessary ingredients', 'ineffective unnecessary mandatory', 'ineffective unnecessary pharma', 'ineffective unnecessary rushed', 'ingredients conspiracy pharma', 'ingredients conspiracy rushed', 'ingredients conspiracy side-effect', 'ingredients ineffective rushed', 'ingredients pharma political', 'ingredients pharma side-effect', 'ingredients political', 'ingredients side-effect conspiracy', 'ingredients side-effect mandatory', 'ingredients side-effect pharma', 'mandatory conspiracy ingredients', 'mandatory conspiracy pharma', 'mandatory country political', 'mandatory ineffective side-effect', 'mandatory ingredients side-effect', 'mandatory pharma conspiracy', 'mandatory political religious', 'mandatory political rushed', 'mandatory religious', 'mandatory rushed pharma', 'mandatory rushed unnecessary', 'mandatory side-effect rushed', 'pharma conspiracy ingredients', 'pharma conspiracy rushed', 'pharma conspiracy side-effect', 'pharma country', 'pharma ineffective conspiracy', 'pharma mandatory political', 'pharma mandatory rushed', 'pharma mandatory unnecessary', 'pharma political side-effect', 'pharma political unnecessary', 'pharma rushed political', 'pharma side-effect political', 'pharma side-effect unnecessary', 'pharma unnecessary conspiracy', 'pharma unnecessary mandatory', 'pharma unnecessary political', 'political conspiracy mandatory', 'political conspiracy side-effect', 'political country mandatory', 'political pharma rushed', 'political religious conspiracy', 'political religious mandatory', 'political rushed ingredients', 'political rushed mandatory', 'religious side-effect', 'religious unnecessary', 'rushed conspiracy political', 'rushed conspiracy side-effect', 'rushed country ineffective', 'rushed country political', 'rushed country side-effect', 'rushed ineffective political', 'rushed ingredients conspiracy', 'rushed ingredients mandatory', 'rushed ingredients pharma', 'rushed mandatory pharma', 'rushed mandatory political', 'rushed pharma ineffective', 'rushed political ineffective', 'rushed religious', 'rushed rushed', 'rushed side-effect mandatory', 'rushed unnecessary mandatory', 'side-effect ineffective mandatory', 'side-effect ineffective unnecessary', 'side-effect ingredients conspiracy', 'side-effect ingredients ineffective', 'side-effect ingredients mandatory', 'side-effect ingredients religious', 'side-effect ingredients unnecessary', 'side-effect mandatory ineffective', 'side-effect mandatory pharma', 'side-effect mandatory political', 'side-effect pharma ingredients', 'side-effect pharma mandatory', 'side-effect pharma unnecessary', 'side-effect political conspiracy', 'side-effect political rushed', 'side-effect religious mandatory', 'side-effect rushed country', 'side-effect rushed ingredients', 'side-effect rushed mandatory', 'side-effect unnecessary ingredients', 'side-effect unnecessary mandatory', 'unnecessary conspiracy ingredients', 'unnecessary conspiracy pharma', 'unnecessary ineffective side-effect', 'unnecessary ingredients side-effect', 'unnecessary mandatory ineffective', 'unnecessary mandatory ingredients', 'unnecessary pharma ineffective', 'unnecessary political side-effect', 'unnecessary rushed pharma', 'unnecessary rushed political', 'unnecessary rushed side-effect', 'unnecessary side-effect ingredients']",,,,,,,,,,,,,,,,,,,
classification__hard__saurabhshahane_ecommerce-text-classification__ecommerceDataset,classification__hard__saurabhshahane_ecommerce-text-classification__ecommerceDataset.json,classification,category,random_forest,failed,Invalid target_column 'category',,,,,,,,,,,,,,,,,,,
classification__hard__shivamb_spam-url-prediction__url_spam_classification,classification__hard__shivamb_spam-url-prediction__url_spam_classification.json,classification,is_spam,random_forest,success,,148303.0,148303.0,1.0,/app/data/batch_results/batch_20260421194752_4aa8f940deepseek/models/classification__hard__shivamb_spam-url-prediction__url_spam_classification.pkl,/app/data/uploads/datasets/classification/hard/shivamb_spam-url-prediction/url_spam_classification.csv,3.0,1.0,0.9837,0.9843,0.9837,0.9838,29661.0,2.0,Recovered source dataset path from transformed filename: /app/data/uploads/datasets/classification/hard/shivamb_spam-url-prediction/url_spam_classification_encoded.csv,,,,,
classification__mid__andrewmvd_cyberbullying-classification__cyberbullying_tweets,classification__mid__andrewmvd_cyberbullying-classification__cyberbullying_tweets.json,classification,cyberbullying_type,random_forest,success,,47692.0,47692.0,1.0,/app/data/batch_results/batch_20260421194752_4aa8f940deepseek/models/classification__mid__andrewmvd_cyberbullying-classification__cyberbullying_tweets.pkl,/app/data/uploads/datasets/classification/mid/andrewmvd_cyberbullying-classification/cyberbullying_tweets.csv,3.0,0.9731,0.9271,0.9271,0.9271,0.9271,9539.0,6.0,Recovered source dataset path from transformed filename: /app/data/uploads/datasets/classification/mid/andrewmvd_cyberbullying-classification/cyberbullying_tweets_encoded.csv,,,,,
classification__mid__christianlillelund_csgo-round-winner-classification__csgo_round_snapshots,classification__mid__christianlillelund_csgo-round-winner-classification__csgo_round_snapshots.json,classification,round_winner,decision_tree,success,,122410.0,122410.0,96.0,/app/data/batch_results/batch_20260421194752_4aa8f940deepseek/models/classification__mid__christianlillelund_csgo-round-winner-classification__csgo_round_snapshots.pkl,/app/data/uploads/datasets/classification/mid/christianlillelund_csgo-round-winner-classification/csgo_round_snapshots.csv,,0.9971,0.819,0.819,0.819,0.819,24482.0,2.0,,,,,,
classification__mid__fedesoriano_heart-failure-prediction__heart,classification__mid__fedesoriano_heart-failure-prediction__heart.json,classification,HeartDisease,random_forest,success,,918.0,918.0,11.0,/app/data/batch_results/batch_20260421194752_4aa8f940deepseek/models/classification__mid__fedesoriano_heart-failure-prediction__heart.pkl,/app/data/uploads/datasets/classification/mid/fedesoriano_heart-failure-prediction/heart.csv,3.0,1.0,0.8859,0.8858,0.8859,0.8858,184.0,2.0,Used fallback candidate filepath: /app/data/uploads/datasets/classification/mid/fedesoriano_heart-failure-prediction/heart.csv,,,,,
classification__mid__fedesoriano_stellar-classification-dataset-sdss17__star_classification,classification__mid__fedesoriano_stellar-classification-dataset-sdss17__star_classification.json,classification,class,random_forest,success,,100000.0,100000.0,17.0,/app/data/batch_results/batch_20260421194752_4aa8f940deepseek/models/classification__mid__fedesoriano_stellar-classification-dataset-sdss17__star_classification.pkl,/app/data/uploads/datasets/classification/mid/fedesoriano_stellar-classification-dataset-sdss17/star_classification.csv,1.0,1.0,0.9797,0.9796,0.9797,0.9795,20000.0,3.0,Recovered source dataset path from transformed filename: /app/data/uploads/datasets/classification/mid/fedesoriano_stellar-classification-dataset-sdss17/star_classification_scaled.csv,,,,,
classification__mid__nimapourmoradi_dry-bean-dataset-classification__Dry_Bean_Dataset,classification__mid__nimapourmoradi_dry-bean-dataset-classification__Dry_Bean_Dataset.json,classification,Class,random_forest,success,,13611.0,13611.0,16.0,/app/data/batch_results/batch_20260421194752_4aa8f940deepseek/models/classification__mid__nimapourmoradi_dry-bean-dataset-classification__Dry_Bean_Dataset.pkl,/app/data/uploads/datasets/classification/mid/nimapourmoradi_dry-bean-dataset-classification/Dry_Bean_Dataset.csv,3.0,1.0,0.9218,0.9219,0.9218,0.9217,2723.0,7.0,Recovered source dataset path from transformed filename: /app/data/uploads/datasets/classification/mid/nimapourmoradi_dry-bean-dataset-classification/Dry_Bean_Dataset_scaled.csv,,,,,
classification__mid__tanishqdublish_text-classification-documentation__df_file,classification__mid__tanishqdublish_text-classification-documentation__df_file.json,classification,Label,random_forest,success,,2225.0,2225.0,1.0,/app/data/batch_results/batch_20260421194752_4aa8f940deepseek/models/classification__mid__tanishqdublish_text-classification-documentation__df_file.pkl,/app/data/uploads/datasets/classification/mid/tanishqdublish_text-classification-documentation/df_file.csv,3.0,1.0,0.9955,0.9955,0.9955,0.9955,445.0,5.0,Recovered source dataset path from transformed filename: /app/data/uploads/datasets/classification/mid/tanishqdublish_text-classification-documentation/df_file_cleaned.csv,,,,,
classification__mid__uciml_iris__Iris,classification__mid__uciml_iris__Iris.json,classification,Species,random_forest,success,,150.0,150.0,5.0,/app/data/batch_results/batch_20260421194752_4aa8f940deepseek/models/classification__mid__uciml_iris__Iris.pkl,/app/data/uploads/datasets/classification/mid/uciml_iris/Iris.csv,3.0,1.0,1.0,1.0,1.0,1.0,30.0,3.0,Recovered source dataset path from transformed filename: /app/data/uploads/datasets/classification/mid/uciml_iris/Iris_encoded.csv,,,,,
classification__mid__uciml_pima-indians-diabetes-database__diabetes,classification__mid__uciml_pima-indians-diabetes-database__diabetes.json,classification,Outcome,random_forest,success,,768.0,768.0,8.0,/app/data/batch_results/batch_20260421194752_4aa8f940deepseek/models/classification__mid__uciml_pima-indians-diabetes-database__diabetes.pkl,/app/data/uploads/datasets/classification/mid/uciml_pima-indians-diabetes-database/diabetes.csv,3.0,1.0,0.7597,0.7546,0.7597,0.7555,154.0,2.0,Recovered source dataset path from transformed filename: /app/data/uploads/datasets/classification/mid/uciml_pima-indians-diabetes-database/diabetes_scaled.csv,,,,,
classification__mid__xhlulu_cpc-codes__titles,classification__mid__xhlulu_cpc-codes__titles.json,classification,class,random_forest,success,,260476.0,260467.0,6.0,/app/data/batch_results/batch_20260421194752_4aa8f940deepseek/models/classification__mid__xhlulu_cpc-codes__titles.pkl,/app/data/uploads/datasets/classification/mid/xhlulu_cpc-codes/titles.csv,1.0,1.0,0.9995,0.9995,0.9995,0.9995,52094.0,50.0,Recovered source dataset path from transformed filename: /app/data/uploads/datasets/classification/mid/xhlulu_cpc-codes/titles_encoded.csv,,,,,
classification__mid__yasserh_titanic-dataset__Titanic-Dataset,classification__mid__yasserh_titanic-dataset__Titanic-Dataset.json,classification,Embarked,random_forest,success,,891.0,889.0,11.0,/app/data/batch_results/batch_20260421194752_4aa8f940deepseek/models/classification__mid__yasserh_titanic-dataset__Titanic-Dataset.pkl,/app/data/uploads/datasets/classification/mid/yasserh_titanic-dataset/Titanic-Dataset.csv,3.0,1.0,0.764,0.7499,0.764,0.7321,178.0,3.0,Recovered source dataset path from transformed filename: /app/data/uploads/datasets/classification/mid/yasserh_titanic-dataset/Titanic-Dataset_encoded.csv,,,,,
regression__easy__ganjerlawrence_mobile-phone-price-prediction-cleaned-dataset__Mobile-Price-Prediction-cleaned_data,regression__easy__ganjerlawrence_mobile-phone-price-prediction-cleaned-dataset__Mobile-Price-Prediction-cleaned_data.json,regression,Price,random_forest,success,,807.0,807.0,7.0,/app/data/batch_results/batch_20260421194752_4aa8f940deepseek/models/regression__easy__ganjerlawrence_mobile-phone-price-prediction-cleaned-dataset__Mobile-Price-Prediction-cleaned_data.pkl,/app/data/uploads/datasets/regression/easy/ganjerlawrence_mobile-phone-price-prediction-cleaned-dataset/Mobile-Price-Prediction-cleaned_data.csv,1.0,,,,,,162.0,,Recovered source dataset path from transformed filename: /app/data/uploads/datasets/regression/easy/ganjerlawrence_mobile-phone-price-prediction-cleaned-dataset/Mobile-Price-Prediction-cleaned_data_cleaned.csv,0.9828,0.8115,79612270.6284,8922.5709,3143.3803
regression__easy__govindaramsriram_crop-yield-of-a-farm__crop_yield_data,regression__easy__govindaramsriram_crop-yield-of-a-farm__crop_yield_data.json,regression,crop_yield,random_forest,success,,3000.0,3000.0,5.0,/app/data/batch_results/batch_20260421194752_4aa8f940deepseek/models/regression__easy__govindaramsriram_crop-yield-of-a-farm__crop_yield_data.pkl,/app/data/uploads/datasets/regression/easy/govindaramsriram_crop-yield-of-a-farm/crop_yield_data.csv,1.0,,,,,,600.0,,Recovered source dataset path from transformed filename: /app/data/uploads/datasets/regression/easy/govindaramsriram_crop-yield-of-a-farm/crop_yield_data_scaled.csv,0.9997,0.9983,36.3984,6.0331,4.8074
regression__easy__nalisha_numerical-feature-based-target-prediction-using-ml__practice_dataset,regression__easy__nalisha_numerical-feature-based-target-prediction-using-ml__practice_dataset.json,regression,target,random_forest,success,,10000.0,10000.0,6.0,/app/data/batch_results/batch_20260421194752_4aa8f940deepseek/models/regression__easy__nalisha_numerical-feature-based-target-prediction-using-ml__practice_dataset.pkl,/app/data/uploads/datasets/regression/easy/nalisha_numerical-feature-based-target-prediction-using-ml/practice_dataset.csv,1.0,,,,,,2000.0,,,0.9964,0.9744,135.9988,11.6619,8.9508
regression__easy__quantbruce_real-estate-price-prediction__Real estate,regression__easy__quantbruce_real-estate-price-prediction__Real estate.json,regression,Y house price of unit area,random_forest,success,,414.0,414.0,7.0,/app/data/batch_results/batch_20260421194752_4aa8f940deepseek/models/regression__easy__quantbruce_real-estate-price-prediction__Real estate.pkl,/app/data/uploads/datasets/regression/easy/quantbruce_real-estate-price-prediction/Real estate.csv,1.0,,,,,,83.0,,,0.9505,0.8101,31.8592,5.6444,3.8669
regression__easy__ranitsarkar01_porter-delivery-time-estimation__dataset,regression__easy__ranitsarkar01_porter-delivery-time-estimation__dataset.json,regression,total_outstanding_orders,random_forest,success,,197428.0,181166.0,13.0,/app/data/batch_results/batch_20260421194752_4aa8f940deepseek/models/regression__easy__ranitsarkar01_porter-delivery-time-estimation__dataset.pkl,/app/data/uploads/datasets/regression/easy/ranitsarkar01_porter-delivery-time-estimation/dataset.csv,1.0,,,,,,36234.0,,Recovered source dataset path from transformed filename: /app/data/uploads/datasets/regression/easy/ranitsarkar01_porter-delivery-time-estimation/dataset_scaled.csv,0.9939,0.9565,119.5194,10.9325,7.0244
regression__easy__sakshisatre_the-boston-housing-dataset__Boston (1),regression__easy__sakshisatre_the-boston-housing-dataset__Boston (1).json,regression,MEDV,random_forest,success,,506.0,506.0,13.0,/app/data/batch_results/batch_20260421194752_4aa8f940deepseek/models/regression__easy__sakshisatre_the-boston-housing-dataset__Boston (1).pkl,/app/data/uploads/datasets/regression/easy/sakshisatre_the-boston-housing-dataset/Boston (1).csv,1.0,,,,,,102.0,,,0.9772,0.8923,7.9015,2.811,2.0395
regression__easy__thedevastator_age-prediction-for-individuals-using-multi-omic__test_rows,regression__easy__thedevastator_age-prediction-for-individuals-using-multi-omic__test_rows.json,regression,KLF14_2,random_forest,success,,104.0,104.0,12.0,/app/data/batch_results/batch_20260421194752_4aa8f940deepseek/models/regression__easy__thedevastator_age-prediction-for-individuals-using-multi-omic__test_rows.pkl,/app/data/uploads/datasets/regression/easy/thedevastator_age-prediction-for-individuals-using-multi-omic/test_rows.csv,1.0,,,,,,21.0,,,0.9053,0.3245,2.6732,1.635,1.3336
regression__easy__zubairdhuddi_linear-regression__test,regression__easy__zubairdhuddi_linear-regression__test.json,regression,y,linear,success,,300.0,300.0,1.0,/app/data/batch_results/batch_20260421194752_4aa8f940deepseek/models/regression__easy__zubairdhuddi_linear-regression__test.pkl,/app/data/uploads/datasets/regression/easy/zubairdhuddi_linear-regression/test.csv,,,,,,,60.0,,Used fallback candidate filepath: /app/data/uploads/datasets/regression/easy/zubairdhuddi_linear-regression/test.csv,0.9885,0.9909,9.2594,3.0429,2.5178
regression__hard__anujsaha0123456789_house-prices-cleaned-dataset-for-regression-ml__house_prices_cleaned,regression__hard__anujsaha0123456789_house-prices-cleaned-dataset-for-regression-ml__house_prices_cleaned.json,regression,SalePrice,svr,success,,1460.0,1460.0,244.0,/app/data/batch_results/batch_20260421194752_4aa8f940deepseek/models/regression__hard__anujsaha0123456789_house-prices-cleaned-dataset-for-regression-ml__house_prices_cleaned.pkl,/app/data/uploads/datasets/regression/hard/anujsaha0123456789_house-prices-cleaned-dataset-for-regression-ml/house_prices_cleaned.csv,,,,,,,292.0,,,-0.0449,-0.0246,7859359217.2756,88653.0271,59556.7317
regression__hard__bharatsahu_house-price-prediction-dataset-insurancehub-usa__House_price_multifeatures,regression__hard__bharatsahu_house-price-prediction-dataset-insurancehub-usa__House_price_multifeatures.json,regression,,,failed,could not convert string to float: '037-0',,,,,,,,,,,,,,,,,,,
regression__hard__bjaton_housepricesadvancedregressiontechniquestrain__train,regression__hard__bjaton_housepricesadvancedregressiontechniquestrain__train.json,regression,SalePrice,gradient_boosting,success,,1460.0,1460.0,80.0,/app/data/batch_results/batch_20260421194752_4aa8f940deepseek/models/regression__hard__bjaton_housepricesadvancedregressiontechniquestrain__train.pkl,/app/data/uploads/datasets/regression/hard/bjaton_housepricesadvancedregressiontechniquestrain/train.csv,1.0,,,,,,292.0,,Recovered source dataset path from transformed filename: /app/data/uploads/datasets/regression/hard/bjaton_housepricesadvancedregressiontechniquestrain/train_scaled.csv,0.9682,0.8911,835371035.0515,28902.7859,17527.3433
regression__hard__bobnau_daily-website-visitors__daily-website-visitors,regression__hard__bobnau_daily-website-visitors__daily-website-visitors.json,regression,,,failed,"could not convert string to float: '1,036'",,,,,,,,,,,,,,,,,,,
regression__hard__deepcontractor_car-price-prediction-challenge__car_price_prediction,regression__hard__deepcontractor_car-price-prediction-challenge__car_price_prediction.json,regression,Price,gradient_boosting,success,,19237.0,19237.0,17.0,/app/data/batch_results/batch_20260421194752_4aa8f940deepseek/models/regression__hard__deepcontractor_car-price-prediction-challenge__car_price_prediction.pkl,/app/data/uploads/datasets/regression/hard/deepcontractor_car-price-prediction-challenge/car_price_prediction.csv,1.0,,,,,,3848.0,,Recovered source dataset path from transformed filename: /app/data/uploads/datasets/regression/hard/deepcontractor_car-price-prediction-challenge/car_price_prediction_scaled.csv,0.9956,-11.2698,3823225328.2558,61832.2353,8402.5821
regression__hard__kanchana1990_colorado-real-estate-market-2026__colorado_real_estate_2026,regression__hard__kanchana1990_colorado-real-estate-market-2026__colorado_real_estate_2026.json,regression,garage,random_forest,success,,8362.0,4543.0,10.0,/app/data/batch_results/batch_20260421194752_4aa8f940deepseek/models/regression__hard__kanchana1990_colorado-real-estate-market-2026__colorado_real_estate_2026.pkl,/app/data/uploads/datasets/regression/hard/kanchana1990_colorado-real-estate-market-2026/colorado_real_estate_2026.csv,1.0,,,,,,909.0,,Used fallback candidate filepath: /app/data/uploads/datasets/regression/hard/kanchana1990_colorado-real-estate-market-2026/colorado_real_estate_2026.csv,0.8508,-2.6111,4.8842,2.21,0.6823
regression__hard__milanvaddoriya_old-car-price-prediction__car_price,regression__hard__milanvaddoriya_old-car-price-prediction__car_price.json,regression,price,random_forest,failed,Invalid target_column 'price',,,,,,,,,,,,,,,,,,,
regression__hard__spittman1248_cdc-data-nutrition-physical-activity-obesity__Nutrition__Physical_Activity__and_Obesity_-_Behavioral_Risk_Factor_Surveillance_System,regression__hard__spittman1248_cdc-data-nutrition-physical-activity-obesity__Nutrition__Physical_Activity__and_Obesity_-_Behavioral_Risk_Factor_Surveillance_System.json,regression,,,failed,Unsupported model_type='naive_bayes' for task='regression',,,,,,,,,,,,,,,,,,,
regression__hard__taweilo_mba-admission-dataset__MBA,regression__hard__taweilo_mba-admission-dataset__MBA.json,regression,,,failed,could not convert string to float: 'Admit',,,,,,,,,,,,,,,,,,,
regression__hard__valakhorasani_tehran-house-prices-dataset__TehranHouse,regression__hard__valakhorasani_tehran-house-prices-dataset__TehranHouse.json,regression,Price(USD),random_forest,success,,3479.0,3479.0,7.0,/app/data/batch_results/batch_20260421194752_4aa8f940deepseek/models/regression__hard__valakhorasani_tehran-house-prices-dataset__TehranHouse.pkl,/app/data/uploads/datasets/regression/hard/valakhorasani_tehran-house-prices-dataset/TehranHouse.csv,1.0,,,,,,696.0,,Recovered source dataset path from transformed filename: /app/data/uploads/datasets/regression/hard/valakhorasani_tehran-house-prices-dataset/TehranHouse_scaled.csv,0.9999,0.9988,63467418.622,7966.6441,695.8779
regression__mid__CooperUnion_cardataset__data,regression__mid__CooperUnion_cardataset__data.json,regression,MSRP,random_forest,success,,11914.0,11914.0,15.0,/app/data/batch_results/batch_20260421194752_4aa8f940deepseek/models/regression__mid__CooperUnion_cardataset__data.pkl,/app/data/uploads/datasets/regression/mid/CooperUnion_cardataset/data.csv,1.0,,,,,,2383.0,,Recovered source dataset path from transformed filename: /app/data/uploads/datasets/regression/mid/CooperUnion_cardataset/data_scaled.csv,0.987,0.9827,41294245.5537,6426.0599,2959.8577
regression__mid__alamshihab075_health-and-lifestyle-data-for-diabetes-prediction__Diabetes_and_LifeStyle_Dataset ,regression__mid__alamshihab075_health-and-lifestyle-data-for-diabetes-prediction__Diabetes_and_LifeStyle_Dataset .json,regression,diagnosed_diabetes,decision_tree,success,,97297.0,97297.0,30.0,/app/data/batch_results/batch_20260421194752_4aa8f940deepseek/models/regression__mid__alamshihab075_health-and-lifestyle-data-for-diabetes-prediction__Diabetes_and_LifeStyle_Dataset .pkl,/app/data/uploads/datasets/regression/mid/alamshihab075_health-and-lifestyle-data-for-diabetes-prediction/Diabetes_and_LifeStyle_Dataset .csv,,,,,,,19460.0,,,1.0,0.9974,0.0006,0.0248,0.0006
regression__mid__camnugent_california-housing-prices__housing,regression__mid__camnugent_california-housing-prices__housing.json,regression,median_house_value,random_forest,success,,20640.0,20640.0,9.0,/app/data/batch_results/batch_20260421194752_4aa8f940deepseek/models/regression__mid__camnugent_california-housing-prices__housing.pkl,/app/data/uploads/datasets/regression/mid/camnugent_california-housing-prices/housing.csv,1.0,,,,,,4128.0,,Recovered source dataset path from transformed filename: /app/data/uploads/datasets/regression/mid/camnugent_california-housing-prices/housing_scaled.csv,0.9744,0.8051,2554364716.6732,50540.7233,32376.7246
regression__mid__harlfoxem_housesalesprediction__kc_house_data,regression__mid__harlfoxem_housesalesprediction__kc_house_data.json,regression,sqft_lot15,random_forest,success,,21613.0,21613.0,20.0,/app/data/batch_results/batch_20260421194752_4aa8f940deepseek/models/regression__mid__harlfoxem_housesalesprediction__kc_house_data.pkl,/app/data/uploads/datasets/regression/mid/harlfoxem_housesalesprediction/kc_house_data.csv,1.0,,,,,,4323.0,,Recovered source dataset path from transformed filename: /app/data/uploads/datasets/regression/mid/harlfoxem_housesalesprediction/kc_house_data_scaled.csv,0.9545,0.5515,312610846.8888,17680.8045,3967.8193
regression__mid__hrokrin_the-largest-diamond-dataset-currely-on-kaggle__diamonds,regression__mid__hrokrin_the-largest-diamond-dataset-currely-on-kaggle__diamonds.json,regression,total_sales_price,gradient_boosting,success,,219703.0,219703.0,25.0,/app/data/batch_results/batch_20260421194752_4aa8f940deepseek/models/regression__mid__hrokrin_the-largest-diamond-dataset-currely-on-kaggle__diamonds.pkl,/app/data/uploads/datasets/regression/mid/hrokrin_the-largest-diamond-dataset-currely-on-kaggle/diamonds.csv,1.0,,,,,,43941.0,,Recovered source dataset path from transformed filename: /app/data/uploads/datasets/regression/mid/hrokrin_the-largest-diamond-dataset-currely-on-kaggle/diamonds_scaled.csv,0.9998,0.9989,831352.4769,911.7853,159.1955
regression__mid__lorenzozoppelletto_financial-risk-for-loan-approval__Loan,regression__mid__lorenzozoppelletto_financial-risk-for-loan-approval__Loan.json,regression,RiskScore,random_forest,success,,20000.0,20000.0,35.0,/app/data/batch_results/batch_20260421194752_4aa8f940deepseek/models/regression__mid__lorenzozoppelletto_financial-risk-for-loan-approval__Loan.pkl,/app/data/uploads/datasets/regression/mid/lorenzozoppelletto_financial-risk-for-loan-approval/Loan.csv,1.0,,,,,,4000.0,,Recovered source dataset path from transformed filename: /app/data/uploads/datasets/regression/mid/lorenzozoppelletto_financial-risk-for-loan-approval/Loan_scaled.csv,0.9979,0.9857,0.8864,0.9415,0.5911
regression__mid__mirichoi0218_insurance__insurance,regression__mid__mirichoi0218_insurance__insurance.json,regression,charges,random_forest,success,,1338.0,1338.0,6.0,/app/data/batch_results/batch_20260421194752_4aa8f940deepseek/models/regression__mid__mirichoi0218_insurance__insurance.pkl,/app/data/uploads/datasets/regression/mid/mirichoi0218_insurance/insurance.csv,1.0,,,,,,268.0,,Recovered source dataset path from transformed filename: /app/data/uploads/datasets/regression/mid/mirichoi0218_insurance/insurance_scaled.csv,0.9745,0.8628,21303761.8747,4615.5998,2546.3336
regression__mid__ranitsarkar01_porter-delivery-time-estimation__dataset,regression__mid__ranitsarkar01_porter-delivery-time-estimation__dataset.json,regression,total_outstanding_orders,random_forest,success,,197428.0,181166.0,13.0,/app/data/batch_results/batch_20260421194752_4aa8f940deepseek/models/regression__mid__ranitsarkar01_porter-delivery-time-estimation__dataset.pkl,/app/data/uploads/datasets/regression/mid/ranitsarkar01_porter-delivery-time-estimation/dataset.csv,1.0,,,,,,36234.0,,Recovered source dataset path from transformed filename: /app/data/uploads/datasets/regression/mid/ranitsarkar01_porter-delivery-time-estimation/dataset_scaled.csv,0.9939,0.9565,119.5194,10.9325,7.0244
regression__mid__rupals_gpu-runtime__sgemm_product,regression__mid__rupals_gpu-runtime__sgemm_product.json,regression,Run4 (ms),random_forest,success,,241600.0,241600.0,17.0,/app/data/batch_results/batch_20260421194752_4aa8f940deepseek/models/regression__mid__rupals_gpu-runtime__sgemm_product.pkl,/app/data/uploads/datasets/regression/mid/rupals_gpu-runtime/sgemm_product.csv,1.0,,,,,,48320.0,,,1.0,1.0,3.2636,1.8065,0.6061
regression__mid__yasserh_uber-fares-dataset__uber,regression__mid__yasserh_uber-fares-dataset__uber.json,regression,passenger_count,random_forest,success,,200000.0,200000.0,8.0,/app/data/batch_results/batch_20260421194752_4aa8f940deepseek/models/regression__mid__yasserh_uber-fares-dataset__uber.pkl,/app/data/uploads/datasets/regression/mid/yasserh_uber-fares-dataset/uber.csv,1.0,,,,,,40000.0,,Recovered source dataset path from transformed filename: /app/data/uploads/datasets/regression/mid/yasserh_uber-fares-dataset/uber_scaled.csv,0.8513,-0.0573,1.7986,1.3411,0.9978
