Rank,Dataset,Task Type,Best Variant,Model,Metric,Status,Target Column,Error
1,regression__mid__rupals_gpu-runtime__sgemm_product,regression,01_of_05,linear,1.0,success,Run4 (ms),
2,regression__hard__valakhorasani_tehran-house-prices-dataset__TehranHouse,regression,01_of_05,linear,1.0,success,Price(USD),
3,regression__easy__govindaramsriram_crop-yield-of-a-farm__crop_yield_data,regression,01_of_05,linear,1.0,success,crop_yield,
4,classification__mid__uciml_iris__Iris,classification,03_of_05,logistic,1.0,success,Species,
5,regression__mid__alamshihab075_health-and-lifestyle-data-for-diabetes-prediction__Diabetes_and_LifeStyle_Dataset ,classification,01_of_05,decision_tree,0.9996,success,diagnosed_diabetes,
6,classification__mid__tanishqdublish_text-classification-documentation__df_file,classification,02_of_05,logistic,0.9996,success,Label,
7,regression__easy__zubairdhuddi_linear-regression__test,regression,04_of_05,random_forest,0.9919,success,y,
8,classification__hard__balaka18_email-spam-classification-dataset-csv__emails,classification,01_of_05,svm,0.987,success,target,
9,classification__mid__nimapourmoradi_dry-bean-dataset-classification__Dry_Bean_Dataset,classification,02_of_05,random_forest,0.9852,success,Class,
10,regression__mid__hrokrin_the-largest-diamond-dataset-currely-on-kaggle__diamonds,regression,03_of_05,gradient_boosting,0.9836,success,total_sales_price,
11,classification__easy__uciml_glass__glass,classification,02_of_05,random_forest,0.9673,success,Type,
12,regression__mid__camnugent_california-housing-prices__housing,regression,04_of_05,random_forest,0.9388,success,median_house_value,
13,regression__mid__lorenzozoppelletto_financial-risk-for-loan-approval__Loan,regression,01_of_05,ridge,0.9372,success,RiskScore,
14,classification__easy__himanshunakrani_naive-bayes-classification-data__Naive-Bayes-Classification-Data,classification,01_of_05,logistic,0.9307,success,diabetes,
15,classification__easy__yasserh_wine-quality-dataset__WineQT,classification,04_of_05,knn,0.8976,success,quality,
16,classification__mid__uciml_pima-indians-diabetes-database__diabetes,classification,04_of_05,gradient_boosting,0.8932,success,Outcome,
17,classification__mid__andrewmvd_cyberbullying-classification__cyberbullying_tweets,classification,02_of_05,logistic,0.8899,success,cyberbullying_type,
18,classification__hard__andrewmvd_cyberbullying-classification__cyberbullying_tweets,classification,03_of_05,logistic,0.8899,success,cyberbullying_type,
19,classification__easy__abhishek14398_heart-disease-classification__heart,classification,01_of_05,logistic,0.868,success,target,
20,classification__easy__mahmoudshaheen1134_heart-disease-data__heart disease,classification,01_of_05,logistic,0.868,success,target,
21,classification__easy__yasserh_heart-disease-dataset__heart,classification,01_of_05,logistic,0.868,success,target,
22,classification__easy__ritwikb3_heart-disease-cleveland__Heart_disease_cleveland_new,classification,05_of_05,decision_tree,0.8614,success,target,
23,classification__easy__ritwikb3_heart-disease-statlog__Heart_disease_statlog,classification,01_of_05,logistic,0.8593,success,target,
24,classification__mid__fedesoriano_heart-failure-prediction__heart,classification,01_of_05,logistic,0.8562,success,HeartDisease,
25,classification__easy__brsahan_genomic-data-for-cancer__gene_expression,classification,01_of_05,logistic,0.856,success,Cancer Present,
26,regression__hard__milanvaddoriya_old-car-price-prediction__car_price,classification,02_of_05,logistic,0.8478,success,Seats,
27,classification__easy__brsahan_genomic-data-for-cancer__gene_expression_scaled,classification,03_of_05,logistic,0.8442,success,Cancer Present,
28,classification__easy__brsahan_genomic-data-for-cancer__gene_expression_cleaned,classification,02_of_05,logistic,0.8442,success,Cancer Present,
29,classification__easy__himanshunakrani_naive-bayes-classification-data__Naive-Bayes-Classification-Data_cleaned,classification,01_of_05,logistic,0.8286,success,diabetes,
30,classification__hard__shivamb_spam-url-prediction__url_spam_classification,classification,01_of_05,logistic,0.7968,success,is_spam,
31,regression__mid__mirichoi0218_insurance__insurance,regression,02_of_05,linear,0.7506,success,charges,
32,regression__easy__sakshisatre_the-boston-housing-dataset__Boston (1),regression,01_of_05,linear,0.7373,success,MEDV,
33,classification__easy__robikscube_eye-state-classification-eeg-dataset__EEG_Eye_State_Classification,classification,01_of_05,logistic,0.6434,success,eyeDetection,
34,classification__easy__priyanshusethi_happiness-classification-dataset__happydata,classification,01_of_05,logistic,0.6014,success,happy,
35,classification__easy__fedesoriano_stellar-classification-dataset-sdss17__star_classification_scaled,classification,01_of_05,logistic,0.5982,success,class,
36,classification__easy__fedesoriano_stellar-classification-dataset-sdss17__star_classification,classification,01_of_05,logistic,0.5982,success,class,
37,classification__easy__fedesoriano_stellar-classification-dataset-sdss17__star_classification_encoded,classification,01_of_05,logistic,0.5982,success,class,
38,classification__mid__fedesoriano_stellar-classification-dataset-sdss17__star_classification,classification,02_of_05,logistic,0.5982,success,class,
39,regression__easy__quantbruce_real-estate-price-prediction__Real estate,regression,01_of_05,linear,0.5828,success,Y house price of unit area,
40,classification__hard__hetulmehta_website-classification__website_classification,classification,01_of_05,logistic,0.5625,success,Category,
41,regression__easy__nalisha_numerical-feature-based-target-prediction-using-ml__practice_dataset,regression,01_of_05,linear,0.5351,success,target,
42,regression__mid__harlfoxem_housesalesprediction__kc_house_data,regression,01_of_05,linear,0.5299,success,sqft_lot15,
43,regression__easy__thedevastator_age-prediction-for-individuals-using-multi-omic__test_rows,regression,01_of_05,linear,0.5172,success,KLF14_2,
44,regression__easy__ganjerlawrence_mobile-phone-price-prediction-cleaned-dataset__Mobile-Price-Prediction-cleaned_data,regression,01_of_05,linear,0.4468,success,Price,
45,regression__hard__deepcontractor_car-price-prediction-challenge__car_price_prediction,classification,01_of_05,logistic,0.3855,success,Airbags,
46,classification__hard__prox37_twitter-multilabel-classification-dataset__mLabel_tweets,classification,01_of_05,logistic,0.2906,success,labels,
47,classification__hard__pashupatigupta_emotion-detection-from-text__tweet_emotions,classification,01_of_05,logistic,0.0003,success,content,
48,regression__hard__anujsaha0123456789_house-prices-cleaned-dataset-for-regression-ml__house_prices_cleaned,regression,01_of_05,svr,-0.0398,success,SalePrice,
49,classification__hard__abhishek14398_loan-dataset__loan,classification,01_of_05,naive_bayes,,failed,total_il_high_credit_limit,Input y contains NaN.
50,classification__hard__ddosad_ecommerce-customer-service-satisfaction__Customer_support_data,classification,01_of_05,naive_bayes,,failed,CSAT Score,"Input X contains NaN.
GaussianNB does not accept missing values encoded as NaN natively. For supervised learning, you might want to consider sklearn.ensemble.HistGradientBoostingClassifier and Regressor which accept missing values encoded as NaNs natively. Alternatively, it is possible to preprocess the data, for instance by using an imputer transformer in a pipeline or drop samples with missing values. See https://scikit-learn.org/stable/modules/impute.html You can find a list of all estimators that handle NaN values at the following page: https://scikit-learn.org/stable/modules/impute.html#estimators-that-handle-nan-values"
51,classification__hard__jocelyndumlao_consumer-review-of-clothing-product__Consumer Review of Clothing Product__data_amazon.xlsx - Sheet1,classification,01_of_05,logistic,,failed,Durability,"Input X contains NaN.
LogisticRegression does not accept missing values encoded as NaN natively. For supervised learning, you might want to consider sklearn.ensemble.HistGradientBoostingClassifier and Regressor which accept missing values encoded as NaNs natively. Alternatively, it is possible to preprocess the data, for instance by using an imputer transformer in a pipeline or drop samples with missing values. See https://scikit-learn.org/stable/modules/impute.html You can find a list of all estimators that handle NaN values at the following page: https://scikit-learn.org/stable/modules/impute.html#estimators-that-handle-nan-values"
52,classification__hard__saurabhshahane_ecommerce-text-classification__ecommerceDataset,classification,01_of_05,logistic,,failed,"Paper Plane Design Framed Wall Hanging Motivational Office Decor Art Prints (8.7 X 8.7 inch) - Set of 4 Painting made up in synthetic frame with uv textured print which gives multi effects and attracts towards it. This is an special series of paintings which makes your wall very beautiful and gives a royal touch. This painting is ready to hang, you would be proud to possess this unique painting that is a niche apart. We use only the most modern and efficient printing technology on our prints, with only the and inks and precision epson, roland and hp printers. This innovative hd printing technique results in durable and spectacular looking prints of the highest that last a lifetime. We print solely with top-notch 100% inks, to achieve brilliant and true colours. Due to their high level of uv resistance, our prints retain their beautiful colours for many years. Add colour and style to your living space with this digitally printed painting. Some are for pleasure and some for eternal bliss.so bring home this elegant print that is lushed with rich colors that makes it nothing but sheer elegance to be to your friends and family.it would be treasured forever by whoever your lucky recipient is. Liven up your place with these intriguing paintings that are high definition hd graphic digital prints for home, office or any room.",Input contains NaN
53,classification__mid__christianlillelund_csgo-round-winner-classification__csgo_round_snapshots,classification,01_of_05,decision_tree,,failed,round_winner,"pos_label=1 is not a valid label. It should be one of ['CT', 'T']"
54,classification__mid__xhlulu_cpc-codes__titles,classification,01_of_05,,,success,,
55,classification__mid__yasserh_titanic-dataset__Titanic-Dataset,classification,01_of_05,logistic,,failed,Embarked,"Input X contains NaN.
LogisticRegression does not accept missing values encoded as NaN natively. For supervised learning, you might want to consider sklearn.ensemble.HistGradientBoostingClassifier and Regressor which accept missing values encoded as NaNs natively. Alternatively, it is possible to preprocess the data, for instance by using an imputer transformer in a pipeline or drop samples with missing values. See https://scikit-learn.org/stable/modules/impute.html You can find a list of all estimators that handle NaN values at the following page: https://scikit-learn.org/stable/modules/impute.html#estimators-that-handle-nan-values"
56,regression__easy__ranitsarkar01_porter-delivery-time-estimation__dataset,regression,01_of_05,linear,,failed,total_outstanding_orders,"Input X contains NaN.
LinearRegression does not accept missing values encoded as NaN natively. For supervised learning, you might want to consider sklearn.ensemble.HistGradientBoostingClassifier and Regressor which accept missing values encoded as NaNs natively. Alternatively, it is possible to preprocess the data, for instance by using an imputer transformer in a pipeline or drop samples with missing values. See https://scikit-learn.org/stable/modules/impute.html You can find a list of all estimators that handle NaN values at the following page: https://scikit-learn.org/stable/modules/impute.html#estimators-that-handle-nan-values"
57,regression__hard__bharatsahu_house-price-prediction-dataset-insurancehub-usa__House_price_multifeatures,classification,01_of_05,decision_tree,,failed,TTTerritory,Input contains NaN
58,regression__hard__bjaton_housepricesadvancedregressiontechniquestrain__train,regression,01_of_05,ridge,,failed,SalePrice,"Input X contains NaN.
Ridge does not accept missing values encoded as NaN natively. For supervised learning, you might want to consider sklearn.ensemble.HistGradientBoostingClassifier and Regressor which accept missing values encoded as NaNs natively. Alternatively, it is possible to preprocess the data, for instance by using an imputer transformer in a pipeline or drop samples with missing values. See https://scikit-learn.org/stable/modules/impute.html You can find a list of all estimators that handle NaN values at the following page: https://scikit-learn.org/stable/modules/impute.html#estimators-that-handle-nan-values"
59,regression__hard__bobnau_daily-website-visitors__daily-website-visitors,regression,01_of_05,linear,,failed,Returning.Visits,"could not convert string to float: '1,036'"
60,regression__hard__kanchana1990_colorado-real-estate-market-2026__colorado_real_estate_2026,classification,01_of_05,logistic,,failed,garage,"Input X contains NaN.
LogisticRegression does not accept missing values encoded as NaN natively. For supervised learning, you might want to consider sklearn.ensemble.HistGradientBoostingClassifier and Regressor which accept missing values encoded as NaNs natively. Alternatively, it is possible to preprocess the data, for instance by using an imputer transformer in a pipeline or drop samples with missing values. See https://scikit-learn.org/stable/modules/impute.html You can find a list of all estimators that handle NaN values at the following page: https://scikit-learn.org/stable/modules/impute.html#estimators-that-handle-nan-values"
61,regression__hard__spittman1248_cdc-data-nutrition-physical-activity-obesity__Nutrition__Physical_Activity__and_Obesity_-_Behavioral_Risk_Factor_Surveillance_System,regression,01_of_05,linear,,failed,Class,"Input X contains NaN.
LinearRegression does not accept missing values encoded as NaN natively. For supervised learning, you might want to consider sklearn.ensemble.HistGradientBoostingClassifier and Regressor which accept missing values encoded as NaNs natively. Alternatively, it is possible to preprocess the data, for instance by using an imputer transformer in a pipeline or drop samples with missing values. See https://scikit-learn.org/stable/modules/impute.html You can find a list of all estimators that handle NaN values at the following page: https://scikit-learn.org/stable/modules/impute.html#estimators-that-handle-nan-values"
62,regression__hard__taweilo_mba-admission-dataset__MBA,regression,01_of_05,linear,,failed,admission,Input contains NaN
63,regression__mid__CooperUnion_cardataset__data,regression,01_of_05,linear,,failed,MSRP,"Input X contains NaN.
LinearRegression does not accept missing values encoded as NaN natively. For supervised learning, you might want to consider sklearn.ensemble.HistGradientBoostingClassifier and Regressor which accept missing values encoded as NaNs natively. Alternatively, it is possible to preprocess the data, for instance by using an imputer transformer in a pipeline or drop samples with missing values. See https://scikit-learn.org/stable/modules/impute.html You can find a list of all estimators that handle NaN values at the following page: https://scikit-learn.org/stable/modules/impute.html#estimators-that-handle-nan-values"
64,regression__mid__ranitsarkar01_porter-delivery-time-estimation__dataset,regression,01_of_05,linear,,failed,total_outstanding_orders,"Input X contains NaN.
LinearRegression does not accept missing values encoded as NaN natively. For supervised learning, you might want to consider sklearn.ensemble.HistGradientBoostingClassifier and Regressor which accept missing values encoded as NaNs natively. Alternatively, it is possible to preprocess the data, for instance by using an imputer transformer in a pipeline or drop samples with missing values. See https://scikit-learn.org/stable/modules/impute.html You can find a list of all estimators that handle NaN values at the following page: https://scikit-learn.org/stable/modules/impute.html#estimators-that-handle-nan-values"
65,regression__mid__yasserh_uber-fares-dataset__uber,classification,01_of_05,logistic,,failed,passenger_count,"Input X contains NaN.
LogisticRegression does not accept missing values encoded as NaN natively. For supervised learning, you might want to consider sklearn.ensemble.HistGradientBoostingClassifier and Regressor which accept missing values encoded as NaNs natively. Alternatively, it is possible to preprocess the data, for instance by using an imputer transformer in a pipeline or drop samples with missing values. See https://scikit-learn.org/stable/modules/impute.html You can find a list of all estimators that handle NaN values at the following page: https://scikit-learn.org/stable/modules/impute.html#estimators-that-handle-nan-values"
