PassengerId,Survived,Pclass,Name,Age,SibSp,Parch,Ticket,Fare,Cabin,Sex_male,Embarked_Q,Embarked_S
710,1,3,"Moubarek, Master. Halim Gonios (""William George"")",,1,1,2661,15.2458,147,True,False,False
440,0,2,"Kvillner, Mr. Johan Henrik Johannesson",31.0,0,0,C.A. 18723,10.5,147,True,False,True
841,0,3,"Alhomaki, Mr. Ilmari Rudolf",20.0,0,0,SOTON/O2 3101287,7.925,147,True,False,True
721,1,2,"Harper, Miss. Annie Jessie ""Nina""",6.0,0,1,248727,33.0,147,False,False,True
40,1,3,"Nicola-Yarred, Miss. Jamila",14.0,1,0,2651,11.2417,147,False,False,False
291,1,1,"Barber, Miss. Ellen ""Nellie""",26.0,0,0,19877,78.85,147,False,False,True
301,1,3,"Kelly, Miss. Anna Katherine ""Annie Kate""",,0,0,9234,7.75,147,False,True,False
334,0,3,"Vander Planke, Mr. Leo Edmondus",16.0,2,0,345764,18.0,147,True,False,True
209,1,3,"Carr, Miss. Helen ""Ellen""",16.0,0,0,367231,7.75,147,False,True,False
137,1,1,"Newsom, Miss. Helen Monypeny",19.0,0,2,11752,26.2833,107,False,False,True
138,0,1,"Futrelle, Mr. Jacques Heath",37.0,1,0,113803,53.1,55,True,False,True
697,0,3,"Kelly, Mr. James",44.0,0,0,363592,8.05,147,True,False,True
486,0,3,"Lefebre, Miss. Jeannie",,3,1,4133,25.4667,147,False,False,True
245,0,3,"Attalah, Mr. Sleiman",30.0,0,0,2694,7.225,147,True,False,False
345,0,2,"Fox, Mr. Stanley Hubert",36.0,0,0,229236,13.0,147,True,False,True
854,1,1,"Lines, Miss. Mary Conover",16.0,0,1,PC 17592,39.4,99,False,False,True
622,1,1,"Kimball, Mr. Edwin Nelson Jr",42.0,1,0,11753,52.5542,95,True,False,True
654,1,3,"O'Leary, Miss. Hanora ""Norah""",,0,0,330919,7.8292,147,False,True,False
887,0,2,"Montvila, Rev. Juozas",27.0,0,0,211536,13.0,147,True,False,True
111,0,1,"Porter, Mr. Walter Chamberlain",47.0,0,0,110465,52.0,52,True,False,True
295,0,3,"Mineff, Mr. Ivan",24.0,0,0,349233,7.8958,147,True,False,True
448,1,1,"Seward, Mr. Frederic Kimber",34.0,0,0,113794,26.55,147,True,False,True
193,1,3,"Andersen-Jensen, Miss. Carla Christine Nielsine",19.0,1,0,350046,7.8542,147,False,False,True
683,0,3,"Olsvigen, Mr. Thor Anderson",20.0,0,0,6563,9.225,147,True,False,True
539,0,3,"Risien, Mr. Samuel Beard",,0,0,364498,14.5,147,True,False,True
820,0,3,"Skoog, Master. Karl Thorsten",10.0,3,2,347088,27.9,147,True,False,True
31,0,1,"Uruchurtu, Don. Manuel E",40.0,0,0,PC 17601,27.7208,147,True,False,False
674,1,2,"Wilhelms, Mr. Charles",31.0,0,0,244270,13.0,147,True,False,True
64,0,3,"Skoog, Master. Harald",4.0,3,2,347088,27.9,147,True,False,True
397,0,3,"Olsson, Miss. Elina",31.0,0,0,350407,7.8542,147,False,False,True
878,0,3,"Petroff, Mr. Nedelio",19.0,0,0,349212,7.8958,147,True,False,True
142,1,3,"Nysten, Miss. Anna Sofia",22.0,0,0,347081,7.75,147,False,False,True
794,0,1,"Hoyt, Mr. William Fisher",,0,0,PC 17600,30.6958,147,True,False,False
236,0,3,"Harknett, Miss. Alice Phoebe",,0,0,W./C. 6609,7.55,147,False,False,True
205,1,3,"Cohen, Mr. Gurshon ""Gus""",18.0,0,0,A/5 3540,8.05,147,True,False,True
621,0,3,"Yasbeck, Mr. Antoni",27.0,1,0,2659,14.4542,147,True,False,False
24,1,1,"Sloper, Mr. William Thompson",28.0,0,0,113788,35.5,13,True,False,True
199,1,3,"Madigan, Miss. Margaret ""Maggie""",,0,0,370370,7.75,147,False,True,False
843,1,1,"Serepeca, Miss. Augusta",30.0,0,0,113798,31.0,147,False,False,False
740,0,3,"Nankoff, Mr. Minko",,0,0,349218,7.8958,147,True,False,True
121,0,2,"Hickman, Mr. Stanley George",21.0,2,0,S.O.C. 14879,73.5,147,True,False,True
478,0,3,"Braund, Mr. Lewis Richard",29.0,1,0,3460,7.0458,147,True,False,True
838,0,3,"Sirota, Mr. Maurice",,0,0,392092,8.05,147,True,False,True
791,0,3,"Keane, Mr. Andrew ""Andy""",,0,0,12460,7.75,147,True,True,False
363,0,3,"Barbara, Mrs. (Catherine David)",45.0,0,1,2691,14.4542,147,False,False,False
87,0,3,"Ford, Mr. William Neal",16.0,1,3,W./C. 6608,34.375,147,True,False,True
68,0,3,"Crease, Mr. Ernest James",19.0,0,0,S.P. 3464,8.1583,147,True,False,True
351,0,3,"Odahl, Mr. Nils Martin",23.0,0,0,7267,9.225,147,True,False,True
211,0,3,"Ali, Mr. Ahmed",24.0,0,0,SOTON/O.Q. 3101311,7.05,147,True,False,True
660,0,1,"Newell, Mr. Arthur Webster",58.0,0,2,35273,113.275,108,True,False,False
449,1,3,"Baclini, Miss. Marie Catherine",5.0,2,1,2666,19.2583,147,False,False,False
821,1,1,"Hays, Mrs. Charles Melville (Clara Jennings Gregg)",52.0,1,1,12749,93.5,37,False,False,True
361,0,3,"Skoog, Mr. Wilhelm",40.0,1,4,347088,27.9,147,True,False,True
803,1,1,"Carter, Master. William Thornton II",11.0,1,2,113760,120.0,47,True,False,True
281,0,3,"Duane, Mr. Frank",65.0,0,0,336439,7.75,147,True,True,False
586,1,1,"Taussig, Miss. Ruth",18.0,0,2,110413,79.65,135,False,False,True
71,0,2,"Jenkin, Mr. Stephen Curnow",32.0,0,0,C.A. 33111,10.5,147,True,False,True
300,1,1,"Baxter, Mrs. James (Helene DeLaudeniere Chaput)",50.0,0,1,PC 17558,247.5208,36,False,False,False
212,1,2,"Cameron, Miss. Clear Annie",35.0,0,0,F.C.C. 13528,21.0,147,False,False,True
45,1,3,"Devaney, Miss. Margaret Delia",19.0,0,0,330958,7.8792,147,False,True,False
409,0,3,"Birkeland, Mr. Hans Martin Monsen",21.0,0,0,312992,7.775,147,True,False,True
447,1,2,"Mellinger, Miss. Madeleine Violet",13.0,0,1,250644,19.5,147,False,False,True
427,1,2,"Clarke, Mrs. Charles V (Ada Maria Winfield)",28.0,1,0,2003,26.0,147,False,False,True
169,0,1,"Baumann, Mr. John D",,0,0,PC 17318,25.925,147,True,False,True
197,0,3,"Mernagh, Mr. Robert",,0,0,368703,7.75,147,True,True,False
773,0,2,"Mack, Mrs. (Mary)",57.0,0,0,S.O./P.P. 3,10.5,136,False,False,True
73,0,2,"Hood, Mr. Ambrose Jr",21.0,0,0,S.O.C. 14879,73.5,147,True,False,True
423,0,3,"Zimmerman, Mr. Leo",29.0,0,0,315082,7.875,147,True,False,True
533,0,3,"Elias, Mr. Joseph Jr",17.0,1,1,2690,7.2292,147,True,False,False
592,1,1,"Stephenson, Mrs. Walter Bertram (Martha Eustis)",52.0,1,0,36947,78.2667,96,False,False,False
313,0,2,"Lahtinen, Mrs. William (Anna Sylfven)",26.0,1,1,250651,26.0,147,False,False,True
312,1,1,"Ryerson, Miss. Emily Borie",18.0,2,2,PC 17608,262.375,35,False,False,False
890,1,1,"Behr, Mr. Karl Howell",26.0,0,0,111369,30.0,60,True,False,False
836,1,1,"Compton, Miss. Sara Rebecca",39.0,1,1,PC 17756,83.1583,130,False,False,False
834,0,3,"Augustsson, Mr. Albert",23.0,0,0,347468,7.8542,147,True,False,True
606,0,3,"Lindell, Mr. Edvard Bengtsson",36.0,1,0,349910,15.55,147,True,False,True
768,0,3,"Mangan, Miss. Mary",30.5,0,0,364850,7.75,147,False,True,False
540,1,1,"Frolicher, Miss. Hedwig Margaritha",22.0,0,2,13568,49.5,27,False,False,False
358,0,2,"Funk, Miss. Annie Clemmer",38.0,0,0,237671,13.0,147,False,False,True
255,0,3,"Rosblom, Mrs. Viktor (Helena Wilhelmina)",41.0,0,2,370129,20.2125,147,False,False,True
267,0,3,"Panula, Mr. Ernesti Arvid",16.0,4,1,3101295,39.6875,147,True,False,True
67,1,2,"Nye, Mrs. (Elizabeth Ramell)",29.0,0,0,C.A. 29395,10.5,142,False,False,True
320,1,1,"Spedden, Mrs. Frederic Oakley (Margaretta Corning Stone)",40.0,1,1,16966,134.5,124,False,False,False
779,0,3,"Kilgannon, Mr. Thomas J",,0,0,36865,7.7375,147,True,True,False
175,0,1,"Smith, Mr. James Clinch",56.0,0,0,17764,30.6958,14,True,False,False
494,0,1,"Artagaveytia, Mr. Ramon",71.0,0,0,PC 17609,49.5042,147,True,False,False
216,1,1,"Newell, Miss. Madeleine",31.0,1,0,35273,113.275,103,False,False,False
310,1,1,"Francatelli, Miss. Laura Mabel",30.0,0,0,PC 17485,56.9292,125,False,False,False
823,0,1,"Reuchlin, Jonkheer. John George",38.0,0,0,19972,0.0,147,True,False,True
251,0,3,"Reed, Mr. James George",,0,0,362316,7.25,147,True,False,True
166,1,3,"Goldsmith, Master. Frank John William ""Frankie""",9.0,0,2,363291,20.525,147,True,False,True
542,0,3,"Andersson, Miss. Ingeborg Constanzia",9.0,4,2,347082,31.275,147,False,False,True
626,0,1,"Sutton, Mr. Frederick",61.0,0,0,36963,32.3208,110,True,False,True
389,0,3,"Sadlier, Mr. Matthew",,0,0,367655,7.7292,147,True,True,False
77,0,3,"Staneff, Mr. Ivan",,0,0,349208,7.8958,147,True,False,True
282,0,3,"Olsson, Mr. Nils Johan Goransson",28.0,0,0,347464,7.8542,147,True,False,True
713,1,1,"Taylor, Mr. Elmer Zebley",48.0,1,0,19996,52.0,58,True,False,True
339,1,3,"Dahl, Mr. Karl Edwart",45.0,0,0,7598,8.05,147,True,False,True
328,1,2,"Ball, Mrs. (Ada E Hall)",36.0,0,0,28551,13.0,90,False,False,True
322,0,3,"Danoff, Mr. Yoto",27.0,0,0,349219,7.8958,147,True,False,True
546,0,1,"Nicholson, Mr. Arthur Ernest",64.0,0,0,693,26.0,147,True,False,True
591,0,3,"Rintamaki, Mr. Matti",35.0,0,0,STON/O 2. 3101273,7.125,147,True,False,True
292,1,1,"Bishop, Mrs. Dickinson H (Helen Walton)",19.0,1,0,11967,91.0792,31,False,False,False
466,0,3,"Goncalves, Mr. Manuel Estanslas",38.0,0,0,SOTON/O.Q. 3101306,7.05,147,True,False,True
815,0,3,"Tomlin, Mr. Ernest Portage",30.5,0,0,364499,8.05,147,True,False,True
443,0,3,"Petterson, Mr. Johan Emil",25.0,1,0,347076,7.775,147,True,False,True
671,1,2,"Brown, Mrs. Thomas William Solomon (Elizabeth Catherine Ford)",40.0,1,1,29750,39.0,147,False,False,True
463,0,1,"Gee, Mr. Arthur H",47.0,0,0,111320,38.5,133,True,False,True
287,1,3,"de Mulder, Mr. Theodore",30.0,0,0,345774,9.5,147,True,False,True
210,1,1,"Blank, Mr. Henry",40.0,0,0,112277,31.0,8,True,False,False
670,1,1,"Taylor, Mrs. Elmer Zebley (Juliet Cummins Wright)",,1,0,19996,52.0,58,False,False,True
228,0,3,"Lovell, Mr. John Hall (""Henry"")",20.5,0,0,A/5 21173,7.25,147,True,False,True
850,1,1,"Goldenberg, Mrs. Samuel L (Edwiga Grabowska)",,1,0,17453,89.1042,86,False,False,False
513,1,1,"McGough, Mr. James Robert",36.0,0,0,PC 17473,26.2875,121,True,False,True
528,0,1,"Farthing, Mr. John",,0,0,PC 17483,221.7792,88,True,False,True
877,0,3,"Gustafsson, Mr. Alfred Ossian",20.0,0,0,7534,9.8458,147,True,False,True
97,0,1,"Goldschmidt, Mr. George B",71.0,0,0,PC 17754,34.6542,12,True,False,False
293,0,2,"Levy, Mr. Rene Jacques",36.0,0,0,SC/Paris 2163,12.875,90,True,False,False
324,1,2,"Caldwell, Mrs. Albert Francis (Sylvia Mae Harbaugh)",22.0,1,1,248738,29.0,147,False,False,True
737,0,3,"Ford, Mrs. Edward (Margaret Ann Watson)",48.0,1,3,W./C. 6608,34.375,147,False,False,True
530,0,2,"Hocking, Mr. Richard George",23.0,2,1,29104,11.5,147,True,False,True
219,1,1,"Bazzani, Miss. Albina",32.0,0,0,11813,76.2917,93,False,False,False
276,1,1,"Andrews, Miss. Kornelia Theodosia",63.0,1,0,13502,77.9583,113,False,False,True
79,1,2,"Caldwell, Master. Alden Gates",0.83,0,2,248738,29.0,147,True,False,True
786,0,3,"Harmer, Mr. Abraham (David Lishin)",25.0,0,0,374887,7.25,147,True,False,True
605,1,1,"Homer, Mr. Harry (""Mr E Haven"")",35.0,0,0,111426,26.55,147,True,False,False
797,1,1,"Leader, Dr. Alice (Farnham)",49.0,0,0,17465,25.9292,94,False,False,True
140,0,1,"Giglio, Mr. Victor",24.0,0,0,PC 17593,79.2,45,True,False,False
579,0,3,"Caram, Mrs. Joseph (Maria Elias)",,1,0,2689,14.4583,147,False,False,False
495,0,3,"Stanley, Mr. Edward Roland",21.0,0,0,A/4 45380,8.05,147,True,False,True
360,1,3,"Mockler, Miss. Helen Mary ""Ellie""",,0,0,330980,7.8792,147,False,True,False
66,1,3,"Moubarek, Master. Gerios",,1,1,2661,15.2458,147,True,False,False
482,0,2,"Frost, Mr. Anthony Wood ""Archie""",,0,0,239854,0.0,147,True,False,True
778,1,3,"Emanuel, Miss. Virginia Ethel",5.0,0,0,364516,12.475,147,False,False,True
600,1,1,"Duff Gordon, Sir. Cosmo Edmund (""Mr Morgan"")",49.0,1,0,PC 17485,56.9292,4,True,False,False
831,1,3,"Yasbeck, Mrs. Antoni (Selini Alexander)",15.0,1,0,2659,14.4542,147,False,False,False
307,1,1,"Fleming, Miss. Margaret",,0,0,17421,110.8833,147,False,False,False
232,0,3,"Larsson, Mr. Bengt Edvin",29.0,0,0,347067,7.775,147,True,False,True
846,0,3,"Abbing, Mr. Anthony",42.0,0,0,C.A. 5547,7.55,147,True,False,True
50,0,3,"Arnold-Franchi, Mrs. Josef (Josefine Franchi)",18.0,1,0,349237,17.8,147,False,False,True
653,0,3,"Kalvik, Mr. Johannes Halvorsen",21.0,0,0,8475,8.4333,147,True,False,True
855,0,2,"Carter, Mrs. Ernest Courtenay (Lilian Hughes)",44.0,1,0,244252,26.0,147,False,False,True
343,0,2,"Collander, Mr. Erik Gustaf",28.0,0,0,248740,13.0,147,True,False,True
595,0,2,"Chapman, Mr. John Henry",37.0,1,0,SC/AH 29037,26.0,147,True,False,True
886,0,3,"Rice, Mrs. William (Margaret Norton)",39.0,0,5,382652,29.125,147,False,True,False
417,1,2,"Drew, Mrs. James Vivian (Lulu Thorne Christian)",34.0,1,1,28220,32.5,147,False,False,True
214,0,2,"Givard, Mr. Hans Kristensen",30.0,0,0,250646,13.0,147,True,False,True
34,0,2,"Wheadon, Mr. Edward H",66.0,0,0,C.A. 24579,10.5,147,True,False,True
32,1,1,"Spencer, Mrs. William Augustus (Marie Eugenie)",,1,0,PC 17569,146.5208,41,False,False,False
669,0,3,"Cook, Mr. Jacob",43.0,0,0,A/5 3536,8.05,147,True,False,True
585,0,3,"Paulner, Mr. Uscher",,0,0,3411,8.7125,147,True,False,False
515,0,3,"Coleff, Mr. Satio",24.0,0,0,349209,7.4958,147,True,False,True
689,0,3,"Fischer, Mr. Eberhard Thelander",18.0,0,0,350036,7.7958,147,True,False,True
110,1,3,"Moran, Miss. Bertha",,1,0,371110,24.15,147,False,True,False
78,0,3,"Moutal, Mr. Rahamin Haim",,0,0,374746,8.05,147,True,False,True
612,0,3,"Jardin, Mr. Jose Neto",,0,0,SOTON/O.Q. 3101305,7.05,147,True,False,True
644,1,3,"Foo, Mr. Choong",,0,0,1601,56.4958,147,True,False,True
83,1,3,"McDermott, Miss. Brigdet Delia",,0,0,330932,7.7875,147,False,True,False
519,1,2,"Angle, Mrs. William A (Florence ""Mary"" Agnes Hughes)",36.0,1,0,226875,26.0,147,False,False,True
658,0,3,"Bourke, Mrs. John (Catherine)",32.0,1,1,364849,15.5,147,False,True,False
297,0,3,"Hanna, Mr. Mansour",23.5,0,0,2693,7.2292,147,True,False,False
508,1,1,"Bradley, Mr. George (""George Arthur Brayton"")",,0,0,111427,26.55,147,True,False,True
809,0,2,"Meyer, Mr. August",39.0,0,0,248723,13.0,147,True,False,True
376,1,1,"Meyer, Mrs. Edgar Joseph (Leila Saks)",,1,0,PC 17604,82.1708,147,False,False,False
6,0,3,"Moran, Mr. James",,0,0,330877,8.4583,147,True,True,False
55,0,1,"Ostby, Mr. Engelhart Cornelius",65.0,0,1,113509,61.9792,23,True,False,False
399,0,2,"Pain, Dr. Alfred",23.0,0,0,244278,10.5,147,True,False,True
458,1,1,"Kenyon, Mrs. Frederick R (Marion)",,1,0,17464,51.8625,97,False,False,True
522,0,3,"Vovk, Mr. Janko",22.0,0,0,349252,7.8958,147,True,False,True
364,0,3,"Asim, Mr. Adola",35.0,0,0,SOTON/O.Q. 3101310,7.05,147,True,False,True
98,1,1,"Greenfield, Mr. William Bertram",23.0,0,1,PC 17759,63.3583,91,True,False,False
418,1,2,"Silven, Miss. Lyyli Karoliina",18.0,0,2,250652,13.0,147,False,False,True
573,1,1,"Flynn, Mr. John Irwin (""Irving"")",36.0,0,0,PC 17474,26.3875,121,True,False,True
853,0,3,"Boulos, Miss. Nourelain",9.0,1,1,2678,15.2458,147,False,False,False
434,0,3,"Kallio, Mr. Nikolai Erland",17.0,0,0,STON/O 2. 3101274,7.125,147,True,False,True
774,0,3,"Elias, Mr. Dibo",,0,0,2674,7.225,147,True,False,False
26,1,3,"Asplund, Mrs. Carl Oscar (Selma Augusta Emilia Johansson)",38.0,1,5,347077,31.3875,147,False,False,True
85,1,2,"Ilett, Miss. Bertha",17.0,0,0,SO/C 14885,10.5,147,False,False,True
11,1,3,"Sandstrom, Miss. Marguerite Rut",4.0,1,1,PP 9549,16.7,145,False,False,True
332,0,1,"Partner, Mr. Austen",45.5,0,0,113043,28.5,56,True,False,True
734,0,2,"Berriman, Mr. William John",23.0,0,0,28425,13.0,147,True,False,True
383,0,3,"Tikkanen, Mr. Juho",32.0,0,0,STON/O 2. 3101293,7.925,147,True,False,True
705,0,3,"Hansen, Mr. Henrik Juul",26.0,1,0,350025,7.8542,147,True,False,True
814,0,3,"Andersson, Miss. Ebba Iris Alfrida",6.0,4,2,347082,31.275,147,False,False,True
119,0,1,"Baxter, Mr. Quigg Edmond",24.0,0,1,PC 17558,247.5208,36,True,False,False
537,0,1,"Butt, Major. Archibald Willingham",45.0,0,0,113050,26.55,26,True,False,True
362,0,2,"del Carlo, Mr. Sebastiano",29.0,1,0,SC/PARIS 2167,27.7208,147,True,False,False
30,0,3,"Todoroff, Mr. Lalio",,0,0,349216,7.8958,147,True,False,True
56,1,1,"Woolner, Mr. Hugh",,0,0,19947,35.5,71,True,False,True
866,1,2,"Bystrom, Mrs. (Karolina)",42.0,0,0,236852,13.0,147,False,False,True
596,0,3,"Van Impe, Mr. Jean Baptiste",36.0,1,1,345773,24.15,147,True,False,True
240,0,2,"Hunt, Mr. George Henry",33.0,0,0,SCO/W 1585,12.275,147,True,False,True
722,0,3,"Jensen, Mr. Svend Lauritz",17.0,1,0,350048,7.0542,147,True,False,True
82,1,3,"Sheerlinck, Mr. Jan Baptist",29.0,0,0,345779,9.5,147,True,False,True
260,1,2,"Parrish, Mrs. (Lutie Davis)",50.0,0,1,230433,26.0,147,False,False,True
487,1,1,"Hoyt, Mrs. Frederick Maxfield (Jane Anne Forby)",35.0,1,0,19943,90.0,87,False,False,True
717,1,1,"Endres, Miss. Caroline Louise",38.0,0,0,PC 17757,227.525,66,False,False,False
801,0,2,"Ponesell, Mr. Martin",34.0,0,0,250647,13.0,147,True,False,True
782,1,1,"Dick, Mrs. Albert Adrian (Vera Gillespie)",17.0,1,0,17474,57.0,19,False,False,True
543,0,3,"Andersson, Miss. Sigrid Elisabeth",11.0,4,2,347082,31.275,147,False,False,True
327,0,3,"Nysveen, Mr. Johan Hansen",61.0,0,0,345364,6.2375,147,True,False,True
535,0,3,"Cacic, Miss. Marija",30.0,0,0,315084,8.6625,147,False,False,True
536,1,2,"Hart, Miss. Eva Miriam",7.0,0,2,F.C.C. 13529,26.25,147,False,False,True
484,1,3,"Turkula, Mrs. (Hedwig)",63.0,0,0,4134,9.5875,147,False,False,True
763,1,3,"Barah, Mr. Hanna Assi",20.0,0,0,2663,7.2292,147,True,False,False
534,1,3,"Peter, Mrs. Catherine (Catherine Rizk)",,0,2,2668,22.3583,147,False,False,False
714,0,3,"Larsson, Mr. August Viktor",29.0,0,0,7545,9.4833,147,True,False,True
391,1,1,"Carter, Mr. William Ernest",36.0,1,2,113760,120.0,47,True,False,True
496,0,3,"Yousseff, Mr. Gerious",,0,0,2627,14.4583,147,True,False,False
483,0,3,"Rouse, Mr. Richard Henry",50.0,0,0,A/5 3594,8.05,147,True,False,True
378,0,1,"Widener, Mr. Harry Elkins",27.0,0,2,113503,211.5,79,True,False,False
366,0,3,"Adahl, Mr. Mauritz Nils Martin",30.0,0,0,C 7076,7.25,147,True,False,True
413,1,1,"Minahan, Miss. Daisy E",33.0,1,0,19928,90.0,78,False,True,False
469,0,3,"Scanlan, Mr. James",,0,0,36209,7.725,147,True,True,False
410,0,3,"Lefebre, Miss. Ida",,3,1,4133,25.4667,147,False,False,True
8,0,3,"Palsson, Master. Gosta Leonard",2.0,3,1,349909,21.075,147,True,False,True
581,1,2,"Christy, Miss. Julie Rachel",25.0,1,1,237789,30.0,147,False,False,True
156,0,1,"Williams, Mr. Charles Duane",51.0,0,1,PC 17597,61.3792,147,True,False,False
881,1,2,"Shelley, Mrs. William (Imanita Parrish Hall)",25.0,0,1,230433,26.0,147,False,False,True
426,0,3,"Wiseman, Mr. Phillippe",,0,0,A/4. 34244,7.25,147,True,False,True
102,0,3,"Petroff, Mr. Pastcho (""Pentcho"")",,0,0,349215,7.8958,147,True,False,True
200,0,2,"Yrois, Miss. Henriette (""Mrs Harbeck"")",24.0,0,0,248747,13.0,147,False,False,True
425,0,3,"Rosblom, Mr. Viktor Richard",18.0,1,1,370129,20.2125,147,True,False,True
299,1,1,"Saalfeld, Mr. Adolphe",,0,0,19988,30.5,51,True,False,True
885,0,3,"Sutehall, Mr. Henry Jr",25.0,0,0,SOTON/OQ 392076,7.05,147,True,False,True
248,1,2,"Hamalainen, Mrs. William (Anna)",24.0,0,2,250649,14.5,147,False,False,True
479,0,3,"Karlsson, Mr. Nils August",22.0,0,0,350060,7.5208,147,True,False,True
306,1,1,"Allison, Master. Hudson Trevor",0.92,1,2,113781,151.55,62,True,False,True
317,1,2,"Kantor, Mrs. Sinai (Miriam Sternin)",24.0,1,0,244367,26.0,147,False,False,True
3,1,3,"Heikkinen, Miss. Laina",26.0,0,0,STON/O2. 3101282,7.925,147,False,False,True
406,0,2,"Gale, Mr. Shadrach",34.0,1,0,28664,21.0,147,True,False,True
743,1,1,"Ryerson, Miss. Susan Parker ""Suzette""",21.0,2,2,PC 17608,262.375,35,False,False,False
261,0,3,"Smith, Mr. Thomas",,0,0,384461,7.75,147,True,True,False
368,1,3,"Moussa, Mrs. (Mantoura Boulos)",,0,0,2626,7.2292,147,False,False,False
159,0,3,"Smiljanic, Mr. Mile",,0,0,315037,8.6625,147,True,False,True
555,1,3,"Ohman, Miss. Velin",22.0,0,0,347085,7.775,147,False,False,True
830,1,1,"Stone, Mrs. George Nelson (Martha Evelyn)",62.0,0,0,113572,80.0,21,False,False,False
678,1,3,"Turja, Miss. Anna Sofia",18.0,0,0,4138,9.8417,147,False,False,True
381,1,1,"Bidois, Miss. Rosalie",42.0,0,0,PC 17757,227.525,147,False,False,False
627,0,2,"Kirkland, Rev. Charles Leonard",57.0,0,0,219533,12.35,147,True,True,False
303,0,3,"Johnson, Mr. William Cahoone Jr",19.0,0,0,LINE,0.0,147,True,False,True
433,1,2,"Louch, Mrs. Charles Alexander (Alice Adelaide Slow)",42.0,1,0,SC/AH 3085,26.0,147,False,False,True
523,0,3,"Lahoud, Mr. Sarkis",,0,0,2624,7.225,147,True,False,False
405,0,3,"Oreskovic, Miss. Marija",20.0,0,0,315096,8.6625,147,False,False,True
844,0,3,"Lemberopolous, Mr. Peter L",34.5,0,0,2683,6.4375,147,True,False,False
356,0,3,"Vanden Steen, Mr. Leo Peter",28.0,0,0,345783,9.5,147,True,False,True
465,0,3,"Maisner, Mr. Simon",,0,0,A/S 2816,8.05,147,True,False,True
754,0,3,"Jonkoff, Mr. Lalio",23.0,0,0,349204,7.8958,147,True,False,True
213,0,3,"Perkin, Mr. John Henry",22.0,0,0,A/5 21174,7.25,147,True,False,True
450,1,1,"Peuchen, Major. Arthur Godfrey",52.0,0,0,113786,30.5,50,True,False,True
80,1,3,"Dowdell, Miss. Elizabeth",30.0,0,0,364516,12.475,147,False,False,True
149,0,2,"Navratil, Mr. Michel (""Louis M Hoffman"")",36.5,0,2,230080,26.0,141,True,False,True
429,0,3,"Flynn, Mr. James",,0,0,364851,7.75,147,True,True,False
61,0,3,"Sirayanian, Mr. Orsen",22.0,0,0,2669,7.2292,147,True,False,False
661,1,1,"Frauenthal, Dr. Henry William",50.0,2,0,PC 17611,133.65,147,True,False,True
805,1,3,"Hedman, Mr. Oskar Arvid",27.0,0,0,347089,6.975,147,True,False,True
589,0,3,"Gilinski, Mr. Eliezer",22.0,0,0,14973,8.05,147,True,False,True
766,1,1,"Hogeboom, Mrs. John C (Anna Andrews)",51.0,1,0,13502,77.9583,92,False,False,True
266,0,2,"Reeves, Mr. David",36.0,0,0,C.A. 17248,10.5,147,True,False,True
134,1,2,"Weisz, Mrs. Leopold (Mathilde Francoise Pede)",29.0,1,0,228414,26.0,147,False,False,True
709,1,1,"Cleaver, Miss. Alice",22.0,0,0,113781,151.55,147,False,False,True
545,0,1,"Douglas, Mr. Walter Donald",50.0,1,0,PC 17761,106.425,82,True,False,False
347,1,2,"Smith, Miss. Marion Elsie",40.0,0,0,31418,13.0,147,False,False,True
822,1,3,"Lulic, Mr. Nikola",27.0,0,0,315098,8.6625,147,True,False,True
634,0,1,"Parr, Mr. William Henry Marsh",,0,0,112052,0.0,147,True,False,True
457,0,1,"Millet, Mr. Francis Davis",65.0,0,0,13509,26.55,126,True,False,True
501,0,3,"Calic, Mr. Petar",17.0,0,0,315086,8.6625,147,True,False,True
431,1,1,"Bjornstrom-Steffansson, Mr. Mauritz Hakan",28.0,0,0,110564,26.55,71,True,False,True
446,1,1,"Dodge, Master. Washington",4.0,0,2,33638,81.8583,10,True,False,True
651,0,3,"Mitkoff, Mr. Mito",,0,0,349221,7.8958,147,True,False,True
173,1,3,"Johnson, Miss. Eleanor Ileen",1.0,1,1,347742,11.1333,147,False,False,True
451,0,2,"West, Mr. Edwy Arthur",36.0,1,2,C.A. 34651,27.75,147,True,False,True
315,0,2,"Hart, Mr. Benjamin",43.0,1,1,F.C.C. 13529,26.25,147,True,False,True
333,0,1,"Graham, Mr. George Edward",38.0,0,1,PC 17582,153.4625,85,True,False,True
802,1,2,"Collyer, Mrs. Harvey (Charlotte Annie Tate)",31.0,1,1,C.A. 31921,26.25,147,False,False,True
91,0,3,"Christmann, Mr. Emil",29.0,0,0,343276,8.05,147,True,False,True
835,0,3,"Allum, Mr. Owen George",18.0,0,0,2223,8.3,147,True,False,True
182,0,2,"Pernot, Mr. Rene",,0,0,SC/PARIS 2131,15.05,147,True,False,False
582,1,1,"Thayer, Mrs. John Borland (Marian Longstreth Morris)",39.0,1,1,17421,110.8833,75,False,False,False
796,0,2,"Otter, Mr. Richard",39.0,0,0,28213,13.0,147,True,False,True
70,0,3,"Kink, Mr. Vincenz",26.0,2,0,315151,8.6625,147,True,False,True
132,0,3,"Coelho, Mr. Domingos Fernandeo",20.0,0,0,SOTON/O.Q. 3101307,7.05,147,True,False,True
335,1,1,"Frauenthal, Mrs. Henry William (Clara Heinsheimer)",,1,0,PC 17611,133.65,147,False,False,True
598,0,3,"Johnson, Mr. Alfred",49.0,0,0,LINE,0.0,147,True,False,True
136,0,2,"Richard, Mr. Emile",23.0,0,0,SC/PARIS 2133,15.0458,147,True,False,False
165,0,3,"Panula, Master. Eino Viljami",1.0,4,1,3101295,39.6875,147,True,False,True
29,1,3,"O'Dwyer, Miss. Ellen ""Nellie""",,0,0,330959,7.8792,147,False,True,False
784,0,3,"Johnston, Mr. Andrew G",,1,2,W./C. 6607,23.45,147,True,False,True
194,1,2,"Navratil, Master. Michel M",3.0,1,1,230080,26.0,141,True,False,True
870,1,3,"Johnson, Master. Harold Theodor",4.0,1,1,347742,11.1333,147,True,False,True
716,0,3,"Soholt, Mr. Peter Andreas Lauritz Andersen",19.0,0,0,348124,7.65,140,True,False,True
526,0,3,"Farrell, Mr. James",40.5,0,0,367232,7.75,147,True,True,False
382,1,3,"Nakid, Miss. Maria (""Mary"")",1.0,0,2,2653,15.7417,147,False,False,False
141,0,3,"Boulos, Mrs. Joseph (Sultana)",,0,2,2678,15.2458,147,False,False,False
174,0,3,"Sivola, Mr. Antti Wilhelm",21.0,0,0,STON/O 2. 3101280,7.925,147,True,False,True
7,0,1,"McCarthy, Mr. Timothy J",54.0,0,0,17463,51.8625,129,True,False,True
719,0,3,"McEvoy, Mr. Michael",,0,0,36568,15.5,147,True,True,False
686,0,2,"Laroche, Mr. Joseph Philippe Lemercier",25.0,1,2,SC/Paris 2123,41.5792,147,True,False,False
74,0,3,"Chronopoulos, Mr. Apostolos",26.0,1,0,2680,14.4542,147,True,False,False
883,0,3,"Dahlberg, Miss. Gerda Ulrika",22.0,0,0,7552,10.5167,147,False,False,True
329,1,3,"Goldsmith, Mrs. Frank John (Emily Alice Brown)",31.0,1,1,363291,20.525,147,False,False,True
454,1,1,"Goldenberg, Mr. Samuel L",49.0,1,0,17453,89.1042,86,True,False,False
146,0,2,"Nicholls, Mr. Joseph Charles",19.0,1,1,C.A. 33112,36.75,147,True,False,True
235,0,2,"Leyson, Mr. Robert William Norman",24.0,0,0,C.A. 29566,10.5,147,True,False,True
221,1,3,"Sunderland, Mr. Victor Francis",16.0,0,0,SOTON/OQ 392089,8.05,147,True,False,True
371,1,1,"Harder, Mr. George Achilles",25.0,1,0,11765,55.4417,131,True,False,False
812,0,3,"Lester, Mr. James",39.0,0,0,A/4 48871,24.15,147,True,False,True
133,0,3,"Robins, Mrs. Alexander A (Grace Charity Laury)",47.0,1,0,A/5. 3337,14.5,147,False,False,True
695,0,1,"Weir, Col. John",60.0,0,0,113800,26.55,147,True,False,True
865,0,2,"Gill, Mr. John William",24.0,0,0,233866,13.0,147,True,False,True
186,0,1,"Rood, Mr. Hugh Roscoe",,0,0,113767,50.0,9,True,False,True
42,0,2,"Turpin, Mrs. William John Robert (Dorothy Ann Wonnacott)",27.0,1,0,11668,21.0,147,False,False,True
548,1,2,"Padro y Manent, Mr. Julian",,0,0,SC/PARIS 2146,13.8625,147,True,False,False
109,0,3,"Rekic, Mr. Tido",38.0,0,0,349249,7.8958,147,True,False,True
604,0,3,"Torber, Mr. Ernst William",44.0,0,0,364511,8.05,147,True,False,True
57,1,2,"Rugg, Miss. Emily",21.0,0,0,C.A. 31026,10.5,147,False,False,True
395,1,3,"Sandstrom, Mrs. Hjalmar (Agnes Charlotta Bengtsson)",24.0,0,2,PP 9549,16.7,145,False,False,True
707,1,2,"Kelly, Mrs. Florence ""Fannie""",45.0,0,0,223596,13.5,147,False,False,True
550,1,2,"Davies, Master. John Morgan Jr",8.0,1,1,C.A. 33112,36.75,147,True,False,True
25,0,3,"Palsson, Miss. Torborg Danira",8.0,3,1,349909,21.075,147,False,False,True
352,0,1,"Williams-Lambert, Mr. Fletcher Fellows",,0,0,113510,35.0,59,True,False,True
430,1,3,"Pickard, Mr. Berk (Berk Trembisky)",32.0,0,0,SOTON/O.Q. 392078,8.05,115,True,False,True
435,0,1,"Silvey, Mr. William Baird",50.0,1,0,13507,55.9,128,True,False,True
52,0,3,"Nosworthy, Mr. Richard Cater",21.0,0,0,A/4. 39886,7.8,147,True,False,True
527,1,2,"Ridsdale, Miss. Lucy",50.0,0,0,W./C. 14258,10.5,147,False,False,True
817,0,3,"Heininen, Miss. Wendla Maria",23.0,0,0,STON/O2. 3101290,7.925,147,False,False,True
570,1,3,"Jonsson, Mr. Carl",32.0,0,0,350417,7.8542,147,True,False,True
265,0,3,"Henry, Miss. Delia",,0,0,382649,7.75,147,False,True,False
437,0,3,"Ford, Miss. Doolina Margaret ""Daisy""",21.0,2,2,W./C. 6608,34.375,147,False,False,True
614,0,3,"Horgan, Mr. John",,0,0,370377,7.75,147,True,True,False
694,0,3,"Saad, Mr. Khalil",25.0,0,0,2672,7.225,147,True,False,False
353,0,3,"Elias, Mr. Tannous",15.0,1,1,2695,7.2292,147,True,False,False
19,0,3,"Vander Planke, Mrs. Julius (Emelia Maria Vandemoortele)",31.0,1,0,345763,18.0,147,False,False,True
667,0,2,"Butler, Mr. Reginald Fenton",25.0,0,0,234686,13.0,147,True,False,True
583,0,2,"Downton, Mr. William James",54.0,0,0,28403,26.0,147,True,False,True
84,0,1,"Carrau, Mr. Francisco M",28.0,0,0,113059,47.1,147,True,False,True
62,1,1,"Icard, Miss. Amelie",38.0,0,0,113572,80.0,21,False,False,False
273,1,2,"Mellinger, Mrs. (Elizabeth Anne Maidment)",41.0,0,1,250644,19.5,147,False,False,True
286,0,3,"Stankovic, Mr. Ivan",33.0,0,0,349239,8.6625,147,True,False,False
696,0,2,"Chapman, Mr. Charles Henry",52.0,0,0,248731,13.5,147,True,False,True
747,0,3,"Abbott, Mr. Rossmore Edward",16.0,1,1,C.A. 2673,20.25,147,True,False,True
13,0,3,"Saundercock, Mr. William Henry",20.0,0,0,A/5. 2151,8.05,147,True,False,True
183,0,3,"Asplund, Master. Clarence Gustaf Hugo",9.0,4,2,347077,31.3875,147,True,False,True
445,1,3,"Johannesen-Bratthammer, Mr. Bernt",,0,0,65306,8.1125,147,True,False,True
553,0,3,"O'Brien, Mr. Timothy",,0,0,330979,7.8292,147,True,True,False
224,0,3,"Nenkoff, Mr. Christo",,0,0,349234,7.8958,147,True,False,True
514,1,1,"Rothschild, Mrs. Martin (Elizabeth L. Barrett)",54.0,1,0,PC 17603,59.4,147,False,False,False
629,0,3,"Bostandyeff, Mr. Guentcho",26.0,0,0,349224,7.8958,147,True,False,True
588,1,1,"Frolicher-Stehli, Mr. Maxmillian",60.0,1,1,13567,79.2,29,True,False,False
693,1,3,"Lam, Mr. Ali",,0,0,1601,56.4958,147,True,False,True
524,1,1,"Hippach, Mrs. Louis Albert (Ida Sophia Fischer)",44.0,0,1,111361,57.9792,17,False,False,False
665,1,3,"Lindqvist, Mr. Eino William",20.0,1,0,STON/O 2. 3101285,7.925,147,True,False,True
177,0,3,"Lefebre, Master. Henry Forbes",,3,1,4133,25.4667,147,True,False,True
842,0,2,"Mudd, Mr. Thomas Charles",16.0,0,0,S.O./P.P. 3,10.5,147,True,False,True
679,0,3,"Goodwin, Mrs. Frederick (Augusta Tyler)",43.0,1,6,CA 2144,46.9,147,False,False,True
164,0,3,"Calic, Mr. Jovo",17.0,0,0,315093,8.6625,147,True,False,True
249,1,1,"Beckwith, Mr. Richard Leonard",37.0,1,1,11751,52.5542,102,True,False,True
571,1,2,"Harris, Mr. George",62.0,0,0,S.W./PP 752,10.5,147,True,False,True
788,0,3,"Rice, Master. George Hugh",8.0,4,1,382652,29.125,147,True,True,False
75,1,3,"Bing, Mr. Lee",32.0,0,0,1601,56.4958,147,True,False,True
114,0,3,"Jussila, Miss. Katriina",20.0,1,0,4136,9.825,147,False,False,True
636,1,2,"Davis, Miss. Mary",28.0,0,0,237668,13.0,147,False,False,True
502,0,3,"Canavan, Miss. Mary",21.0,0,0,364846,7.75,147,False,True,False
105,0,3,"Gustafsson, Mr. Anders Vilhelm",37.0,2,0,3101276,7.925,147,True,False,True
115,0,3,"Attalah, Miss. Malake",17.0,0,0,2627,14.4583,147,False,False,False
369,1,3,"Jermyn, Miss. Annie",,0,0,14313,7.75,147,False,True,False
93,0,1,"Chaffee, Mr. Herbert Fuller",46.0,1,0,W.E.P. 5734,61.175,122,True,False,True
498,0,3,"Shellard, Mr. Frederick William",,0,0,C.A. 6212,15.1,147,True,False,True
90,0,3,"Celotti, Mr. Francesco",24.0,0,0,343275,8.05,147,True,False,True
337,0,1,"Pears, Mr. Thomas Clinton",29.0,1,0,113776,66.6,61,True,False,True
880,1,1,"Potter, Mrs. Thomas Jr (Lily Alexenia Wilson)",56.0,0,1,11767,83.1583,70,False,False,False
818,0,2,"Mallet, Mr. Albert",31.0,1,1,S.C./PARIS 2079,37.0042,147,True,False,False
829,1,3,"McCormack, Mr. Thomas Joseph",,0,0,367228,7.75,147,True,True,False
544,1,2,"Beane, Mr. Edward",32.0,1,0,2908,26.0,147,True,False,True
549,0,3,"Goldsmith, Mr. Frank John",33.0,1,1,363291,20.525,147,True,False,True
95,0,3,"Coxon, Mr. Daniel",59.0,0,0,364500,7.25,147,True,False,True
12,1,1,"Bonnell, Miss. Elizabeth",58.0,0,0,113783,26.55,49,False,False,True
432,1,3,"Thorneycroft, Mrs. Percival (Florence Kate White)",,1,0,376564,16.1,147,False,False,True
44,1,2,"Laroche, Miss. Simonne Marie Anne Andree",3.0,1,2,SC/Paris 2123,41.5792,147,False,False,False
43,0,3,"Kraeff, Mr. Theodor",,0,0,349253,7.8958,147,True,False,False
330,1,1,"Hippach, Miss. Jean Gertrude",16.0,0,1,111361,57.9792,17,False,False,False
168,0,3,"Skoog, Mrs. William (Anna Bernhardina Karlsson)",45.0,1,4,347088,27.9,147,False,False,True
780,1,1,"Robert, Mrs. Edward Scott (Elisabeth Walton McMillan)",43.0,0,1,24160,211.3375,22,False,False,True
538,1,1,"LeRoy, Miss. Bertha",30.0,0,0,PC 17761,106.425,147,False,False,False
736,0,3,"Williams, Mr. Leslie",28.5,0,0,54636,16.1,147,True,False,True
500,0,3,"Svensson, Mr. Olof",24.0,0,0,350035,7.7958,147,True,False,True
179,0,2,"Hale, Mr. Reginald",30.0,0,0,250653,13.0,147,True,False,True
584,0,1,"Ross, Mr. John Hugo",36.0,0,0,13049,40.125,0,True,False,False
785,0,3,"Ali, Mr. William",25.0,0,0,SOTON/O.Q. 3101312,7.05,147,True,False,True
594,0,3,"Bourke, Miss. Mary",,0,2,364848,7.75,147,False,True,False
178,0,1,"Isham, Miss. Ann Elizabeth",50.0,0,0,PC 17595,28.7125,69,False,False,False
645,1,3,"Baclini, Miss. Eugenie",0.75,2,1,2666,19.2583,147,False,False,False
711,1,1,"Mayne, Mlle. Berthe Antonine (""Mrs de Villiers"")",24.0,0,0,PC 17482,49.5042,84,False,False,False
616,1,2,"Herman, Miss. Alice",24.0,1,2,220845,65.0,147,False,False,True
384,1,1,"Holverson, Mrs. Alexander Oskar (Mary Aline Towner)",35.0,1,0,113789,52.0,147,False,False,True
258,1,1,"Cherry, Miss. Gladys",30.0,0,0,110152,86.5,40,False,False,True
735,0,2,"Troupiansky, Mr. Moses Aaron",23.0,0,0,233639,13.0,147,True,False,True
336,0,3,"Denkoff, Mr. Mitto",,0,0,349225,7.8958,147,True,False,True
552,0,2,"Sharp, Mr. Percival James R",27.0,0,0,244358,26.0,147,True,False,True
16,1,2,"Hewlett, Mrs. (Mary D Kingcome) ",55.0,0,0,248706,16.0,147,False,False,True
4,1,1,"Futrelle, Mrs. Jacques Heath (Lily May Peel)",35.0,1,0,113803,53.1,55,False,False,True
412,0,3,"Hart, Mr. Henry",,0,0,394140,6.8583,147,True,True,False
257,1,1,"Thorne, Mrs. Gertrude Maybelle",,0,0,PC 17585,79.2,147,False,False,False
452,0,3,"Hagland, Mr. Ingvald Olai Olsen",,1,0,65303,19.9667,147,True,False,True
474,1,2,"Jerwan, Mrs. Amin S (Marie Marthe Thuillard)",23.0,0,0,SC/AH Basle 541,13.7917,90,False,False,False
698,1,3,"Mullens, Miss. Katherine ""Katie""",,0,0,35852,7.7333,147,False,True,False
394,1,1,"Newell, Miss. Marjorie",23.0,1,0,35273,113.275,103,False,False,False
223,0,3,"Green, Mr. George Henry",51.0,0,0,21440,8.05,147,True,False,True
507,1,2,"Quick, Mrs. Frederick Charles (Jane Richards)",33.0,0,2,26360,26.0,147,False,False,True
568,0,3,"Palsson, Mrs. Nils (Alma Cornelia Berglund)",29.0,0,4,349909,21.075,147,False,False,True
421,0,3,"Gheorgheff, Mr. Stanio",,0,0,349254,7.8958,147,True,False,False
325,0,3,"Sage, Mr. George John Jr",,8,2,CA. 2343,69.55,147,True,False,True
531,1,2,"Quick, Miss. Phyllis May",2.0,1,1,26360,26.0,147,False,False,True
10,1,2,"Nasser, Mrs. Nicholas (Adele Achem)",14.0,1,0,237736,30.0708,147,False,False,False
250,0,2,"Carter, Rev. Ernest Courtenay",54.0,1,0,244252,26.0,147,True,False,True
23,1,3,"McGowan, Miss. Anna ""Annie""",15.0,0,0,330923,8.0292,147,False,True,False
357,1,1,"Bowerman, Miss. Elsie Edith",22.0,0,1,113505,55.0,123,False,False,True
222,0,2,"Bracken, Mr. James H",27.0,0,0,220367,13.0,147,True,False,True
602,0,3,"Slabenoff, Mr. Petco",,0,0,349214,7.8958,147,True,False,True
767,0,1,"Brewe, Dr. Arthur Jackson",,0,0,112379,39.6,147,True,False,False
875,1,2,"Abelson, Mrs. Samuel (Hannah Wizosky)",28.0,1,0,P/PP 3381,24.0,147,False,False,False
529,0,3,"Salonen, Mr. Johan Werner",39.0,0,0,3101296,7.925,147,True,False,True
341,1,2,"Navratil, Master. Edmond Roger",2.0,1,1,230080,26.0,141,True,False,True
744,0,3,"McNamee, Mr. Neal",24.0,1,0,376566,16.1,147,True,False,True
520,0,3,"Pavlovic, Mr. Stefo",32.0,0,0,349242,7.8958,147,True,False,True
204,0,3,"Youseff, Mr. Gerious",45.5,0,0,2628,7.225,147,True,False,False
238,1,2,"Collyer, Miss. Marjorie ""Lottie""",8.0,0,2,C.A. 31921,26.25,147,False,False,True
94,0,3,"Dean, Mr. Bertram Frank",26.0,1,2,C.A. 2315,20.575,147,True,False,True
731,1,1,"Allen, Miss. Elisabeth Walton",29.0,0,0,24160,211.3375,32,False,False,True
441,1,2,"Hart, Mrs. Benjamin (Esther Ada Bloomfield)",45.0,1,1,F.C.C. 13529,26.25,147,False,False,True
560,1,3,"de Messemaeker, Mrs. Guillaume Joseph (Emma)",36.0,1,0,345572,17.4,147,False,False,True
285,0,1,"Smith, Mr. Richard William",,0,0,113056,26.0,3,True,False,True
185,1,3,"Kink-Heilmann, Miss. Luise Gretchen",4.0,0,2,315153,22.025,147,False,False,True
792,0,2,"Gaskell, Mr. Alfred",16.0,0,0,239865,26.0,147,True,False,True
488,0,1,"Kent, Mr. Edward Austin",58.0,0,0,11771,29.7,25,True,False,False
154,0,3,"van Billiard, Mr. Austin Blyler",40.5,0,2,A/5. 851,14.5,147,True,False,True
76,0,3,"Moen, Mr. Sigurd Hansen",25.0,0,0,348123,7.65,140,True,False,True
657,0,3,"Radeff, Mr. Alexander",,0,0,349223,7.8958,147,True,False,True
632,0,3,"Lundahl, Mr. Johan Svensson",51.0,0,0,347743,7.0542,147,True,False,True
278,0,2,"Parkes, Mr. Francis ""Frank""",,0,0,239853,0.0,147,True,False,True
69,1,3,"Andersson, Miss. Erna Alexandra",17.0,4,2,3101281,7.925,147,False,False,True
826,0,3,"Flynn, Mr. John",,0,0,368323,6.95,147,True,True,False
189,0,3,"Bourke, Mr. John",40.0,1,1,364849,15.5,147,True,True,False
272,1,3,"Tornquist, Mr. William Henry",25.0,0,0,LINE,0.0,147,True,False,True
663,0,1,"Colley, Mr. Edward Pomeroy",47.0,0,0,5727,25.5875,132,True,False,True
712,0,1,"Klaber, Mr. Herman",,0,0,113028,26.55,56,True,False,True
237,0,2,"Hold, Mr. Stephen",44.0,1,0,26707,26.0,147,True,False,True
89,1,1,"Fortune, Miss. Mabel Helen",23.0,3,2,19950,263.0,63,False,False,True
758,0,2,"Bailey, Mr. Percy Andrew",18.0,0,0,29108,11.5,147,True,False,True
118,0,2,"Turpin, Mr. William John Robert",29.0,1,0,11668,21.0,147,True,False,True
126,1,3,"Nicola-Yarred, Master. Elias",12.0,1,0,2651,11.2417,147,True,False,False
732,0,3,"Hassan, Mr. Houssein G N",11.0,0,0,2699,18.7875,147,True,False,False
290,1,3,"Connolly, Miss. Kate",22.0,0,0,370373,7.75,147,False,True,False
239,0,2,"Pengelly, Mr. Frederick William",19.0,0,0,28665,10.5,147,True,False,True
1,0,3,"Braund, Mr. Owen Harris",22.0,1,0,A/5 21171,7.25,147,True,False,True
882,0,3,"Markun, Mr. Johann",33.0,0,0,349257,7.8958,147,True,False,True
468,0,1,"Smart, Mr. John Montgomery",56.0,0,0,113792,26.55,147,True,False,True
828,1,2,"Mallet, Master. Andre",1.0,0,2,S.C./PARIS 2079,37.0042,147,True,False,False
396,0,3,"Johansson, Mr. Erik",22.0,0,0,350052,7.7958,147,True,False,True
532,0,3,"Toufik, Mr. Nakli",,0,0,2641,7.2292,147,True,False,False
127,0,3,"McMahon, Mr. Martin",,0,0,370372,7.75,147,True,True,False
279,0,3,"Rice, Master. Eric",7.0,4,1,382652,29.125,147,True,True,False
692,1,3,"Karun, Miss. Manca",4.0,0,1,349256,13.4167,147,False,False,False
117,0,3,"Connors, Mr. Patrick",70.5,0,0,370369,7.75,147,True,True,False
229,0,2,"Fahlstrom, Mr. Arne Jonas",18.0,0,0,236171,13.0,147,True,False,True
623,1,3,"Nakid, Mr. Sahid",20.0,1,1,2653,15.7417,147,True,False,False
656,0,2,"Hickman, Mr. Leonard Mark",24.0,2,0,S.O.C. 14879,73.5,147,True,False,True
599,0,3,"Boulos, Mr. Hanna",,0,0,2664,7.225,147,True,False,False
517,1,2,"Lemore, Mrs. (Amelia Milley)",34.0,0,0,C.A. 34260,10.5,142,False,False,True
275,1,3,"Healy, Miss. Hanora ""Nora""",,0,0,370375,7.75,147,False,True,False
319,1,1,"Wick, Miss. Mary Natalie",31.0,0,2,36928,164.8667,76,False,False,True
607,0,3,"Karaic, Mr. Milan",30.0,0,0,349246,7.8958,147,True,False,True
145,0,2,"Andrew, Mr. Edgardo Samuel",18.0,0,0,231945,11.5,147,True,False,True
635,0,3,"Skoog, Miss. Mabel",9.0,3,2,347088,27.9,147,False,False,True
559,1,1,"Taussig, Mrs. Emil (Tillie Mandelbaum)",39.0,1,1,110413,79.65,134,False,False,True
810,1,1,"Chambers, Mrs. Norman Campbell (Bertha Griggs)",33.0,1,0,113806,53.1,137,False,False,True
746,0,1,"Crosby, Capt. Edward Gifford",70.0,1,1,WE/P 5735,71.0,20,True,False,True
370,1,1,"Aubart, Mme. Leontine Pauline",24.0,0,0,PC 17477,69.3,24,False,False,False
269,1,1,"Graham, Mrs. William Thompson (Edith Junkins)",58.0,0,1,PC 17582,153.4625,57,False,False,True
624,0,3,"Hansen, Mr. Henry Damsgaard",21.0,0,0,350029,7.8542,147,True,False,True
308,1,1,"Penasco y Castellana, Mrs. Victor de Satode (Maria Josefa Perez de Soto y Vallejo)",17.0,1,0,PC 17758,108.9,74,False,False,False
424,0,3,"Danbom, Mrs. Ernst Gilbert (Anna Sigrid Maria Brogren)",28.0,1,1,347080,14.4,147,False,False,True
311,1,1,"Hays, Miss. Margaret Bechstein",24.0,0,0,11767,83.1583,72,False,False,False
355,0,3,"Yousif, Mr. Wazli",,0,0,2647,7.225,147,True,False,False
47,0,3,"Lennon, Mr. Denis",,1,0,370371,15.5,147,True,True,False
350,0,3,"Dimic, Mr. Jovan",42.0,0,0,315088,8.6625,147,True,False,True
372,0,3,"Wiklund, Mr. Jakob Alfred",18.0,1,0,3101267,6.4958,147,True,False,True
480,1,3,"Hirvonen, Miss. Hildur E",2.0,0,1,3101298,12.2875,147,False,False,True
577,1,2,"Garside, Miss. Ethel",34.0,0,0,243880,13.0,147,False,False,True
262,1,3,"Asplund, Master. Edvin Rojj Felix",3.0,4,2,347077,31.3875,147,True,False,True
196,1,1,"Lurette, Miss. Elise",58.0,0,0,PC 17569,146.5208,43,False,False,False
891,0,3,"Dooley, Mr. Patrick",32.0,0,0,370376,7.75,147,True,True,False
745,1,3,"Stranden, Mr. Juho",31.0,0,0,STON/O 2. 3101288,7.925,147,True,False,True
108,1,3,"Moss, Mr. Albert Johan",,0,0,312991,7.775,147,True,False,True
867,1,2,"Duran y More, Miss. Asuncion",27.0,1,0,SC/PARIS 2149,13.8583,147,False,False,False
60,0,3,"Goodwin, Master. William Frederick",11.0,5,2,CA 2144,46.9,147,True,False,True
659,0,2,"Eitemiller, Mr. George Floyd",23.0,0,0,29751,13.0,147,True,False,True
264,0,1,"Harrison, Mr. William",40.0,0,0,112059,0.0,46,True,False,True
569,0,3,"Doharr, Mr. Tannous",,0,0,2686,7.2292,147,True,False,False
101,0,3,"Petranec, Miss. Matilda",28.0,0,0,349245,7.8958,147,False,False,True
444,1,2,"Reynaldo, Ms. Encarnacion",28.0,0,0,230434,13.0,147,False,False,True
491,0,3,"Hagland, Mr. Konrad Mathias Reiersen",,1,0,65304,19.9667,147,True,False,True
688,0,3,"Dakic, Mr. Branko",19.0,0,0,349228,10.1708,147,True,False,True
800,0,3,"Van Impe, Mrs. Jean Baptiste (Rosalie Paula Govaert)",30.0,1,1,345773,24.15,147,False,False,True
641,0,3,"Jensen, Mr. Hans Peder",20.0,0,0,350050,7.8542,147,True,False,True
170,0,3,"Ling, Mr. Lee",28.0,0,0,1601,56.4958,147,True,False,True
180,0,3,"Leonard, Mr. Lionel",36.0,0,0,LINE,0.0,147,True,False,True
305,0,3,"Williams, Mr. Howard Hugh ""Harry""",,0,0,A/5 2466,8.05,147,True,False,True
342,1,1,"Fortune, Miss. Alice Elizabeth",24.0,3,2,19950,263.0,63,False,False,True
58,0,3,"Novel, Mr. Mansouer",28.5,0,0,2697,7.2292,147,True,False,False
859,1,3,"Baclini, Mrs. Solomon (Latifa Qurban)",24.0,0,3,2666,19.2583,147,False,False,False
150,0,2,"Byles, Rev. Thomas Roussel Davids",42.0,0,0,244310,13.0,147,True,False,True
125,0,1,"White, Mr. Percival Wayland",54.0,0,1,35281,77.2875,98,True,False,True
704,0,3,"Gallagher, Mr. Martin",25.0,0,0,36864,7.7417,147,True,True,False
51,0,3,"Panula, Master. Juha Niilo",7.0,4,1,3101295,39.6875,147,True,False,True
354,0,3,"Arnold-Franchi, Mr. Josef",25.0,1,0,349237,17.8,147,True,False,True
824,1,3,"Moor, Mrs. (Beila)",27.0,0,1,392096,12.475,118,False,False,True
143,1,3,"Hakkarainen, Mrs. Pekka Pietari (Elin Matilda Dolck)",24.0,1,0,STON/O2. 3101279,15.85,147,False,False,True
471,0,3,"Keefe, Mr. Arthur",,0,0,323592,7.25,147,True,False,True
400,1,2,"Trout, Mrs. William H (Jessie L)",28.0,0,0,240929,12.65,147,False,False,True
576,0,3,"Patchett, Mr. George",19.0,0,0,358585,14.5,147,True,False,True
321,0,3,"Dennis, Mr. Samuel",22.0,0,0,A/5 21172,7.25,147,True,False,True
20,1,3,"Masselmani, Mrs. Fatima",,0,0,2649,7.225,147,False,False,False
793,0,3,"Sage, Miss. Stella Anna",,8,2,CA. 2343,69.55,147,False,False,True
708,1,1,"Calderhead, Mr. Edward Pennington",42.0,0,0,PC 17476,26.2875,120,True,False,True
724,0,2,"Hodges, Mr. Henry Price",50.0,0,0,250643,13.0,147,True,False,True
408,1,2,"Richards, Master. William Rowe",3.0,1,1,29106,18.75,147,True,False,True
558,0,1,"Robbins, Mr. Victor",,0,0,PC 17757,227.525,147,True,False,False
39,0,3,"Vander Planke, Miss. Augusta Maria",18.0,2,0,345764,18.0,147,False,False,True
176,0,3,"Klasen, Mr. Klas Albin",18.0,1,1,350404,7.8542,147,True,False,True
246,0,1,"Minahan, Dr. William Edward",44.0,2,0,19928,90.0,78,True,True,False
741,1,1,"Hawksford, Mr. Walter James",,0,0,16988,30.0,105,True,False,True
603,0,1,"Harrington, Mr. Charles H",,0,0,113796,42.4,147,True,False,True
769,0,3,"Moran, Mr. Daniel J",,1,0,371110,24.15,147,True,True,False
765,0,3,"Eklund, Mr. Hans Linus",16.0,0,0,347074,7.775,147,True,False,True
155,0,3,"Olsen, Mr. Ole Martin",,0,0,Fa 265302,7.3125,147,True,False,True
288,0,3,"Naidenoff, Mr. Penko",22.0,0,0,349206,7.8958,147,True,False,True
751,1,2,"Wells, Miss. Joan",4.0,1,1,29103,23.0,147,False,False,True
18,1,2,"Williams, Mr. Charles Eugene",,0,0,244373,13.0,147,True,False,True
128,1,3,"Madsen, Mr. Fridtjof Arne",24.0,0,0,C 17369,7.1417,147,True,False,True
323,1,2,"Slayter, Miss. Hilda Mary",30.0,0,0,234818,12.35,147,False,True,False
256,1,3,"Touma, Mrs. Darwis (Hanne Youssef Razi)",29.0,0,2,2650,15.2458,147,False,False,False
771,0,3,"Lievens, Mr. Rene Aime",24.0,0,0,345781,9.5,147,True,False,True
857,1,1,"Wick, Mrs. George Dennick (Mary Hitchcock)",45.0,1,1,36928,164.8667,147,False,False,True
191,1,2,"Pinsky, Mrs. (Rosa)",32.0,0,0,234604,13.0,147,False,False,True
116,0,3,"Pekoniemi, Mr. Edvard",21.0,0,0,STON/O 2. 3101294,7.925,147,True,False,True
738,1,1,"Lesurer, Mr. Gustave J",35.0,0,0,PC 17755,512.3292,15,True,False,False
181,0,3,"Sage, Miss. Constance Gladys",,8,2,CA. 2343,69.55,147,False,False,True
302,1,3,"McCoy, Mr. Bernard",,2,0,367226,23.25,147,True,True,False
680,1,1,"Cardeza, Mr. Thomas Drake Martinez",36.0,0,1,PC 17755,512.3292,34,True,False,False
639,0,3,"Panula, Mrs. Juha (Maria Emilia Ojala)",41.0,0,5,3101295,39.6875,147,False,False,True
650,1,3,"Stanley, Miss. Amy Zillah Elsie",23.0,0,0,CA. 2314,7.55,147,False,False,True
617,0,3,"Danbom, Mr. Ernst Gilbert",34.0,1,1,347080,14.4,147,True,False,True
597,1,2,"Leitch, Miss. Jessie Wills",,0,0,248727,33.0,147,False,False,True
518,0,3,"Ryan, Mr. Patrick",,0,0,371110,24.15,147,True,True,False
876,1,3,"Najib, Miss. Adele Kiamie ""Jane""",15.0,0,0,2667,7.225,147,False,False,False
46,0,3,"Rogers, Mr. William John",,0,0,S.C./A.4. 23567,8.05,147,True,False,True
808,0,3,"Pettersson, Miss. Ellen Natalia",18.0,0,0,347087,7.775,147,False,False,True
158,0,3,"Corn, Mr. Harry",30.0,0,0,SOTON/OQ 392090,8.05,147,True,False,True
666,0,2,"Hickman, Mr. Lewis",32.0,2,0,S.O.C. 14879,73.5,147,True,False,True
172,0,3,"Rice, Master. Arthur",4.0,4,1,382652,29.125,147,True,True,False
17,0,3,"Rice, Master. Eugene",2.0,4,1,382652,29.125,147,True,True,False
512,0,3,"Webber, Mr. James",,0,0,SOTON/OQ 3101316,8.05,147,True,False,True
49,0,3,"Samaan, Mr. Youssef",,2,0,2662,21.6792,147,True,False,False
863,1,1,"Swift, Mrs. Frederick Joel (Margaret Welles Barron)",48.0,0,0,17466,25.9292,94,False,False,True
750,0,3,"Connaghton, Mr. Michael",31.0,0,0,335097,7.75,147,True,True,False
516,0,1,"Walker, Mr. William Anderson",47.0,0,0,36967,34.0208,106,True,False,True
618,0,3,"Lobb, Mrs. William Arthur (Cordelia K Stanlick)",26.0,1,0,A/5. 3336,16.1,147,False,False,True
481,0,3,"Goodwin, Master. Harold Victor",9.0,5,2,CA 2144,46.9,147,True,False,True
284,1,3,"Dorking, Mr. Edward Arthur",19.0,0,0,A/5. 10482,8.05,147,True,False,True
590,0,3,"Murdlin, Mr. Joseph",,0,0,A./5. 3235,8.05,147,True,False,True
226,0,3,"Berglund, Mr. Karl Ivar Sven",22.0,0,0,PP 4348,9.35,147,True,False,True
27,0,3,"Emir, Mr. Farred Chehab",,0,0,2631,7.225,147,True,False,False
849,0,2,"Harper, Rev. John",28.0,0,1,248727,33.0,147,True,False,True
438,1,2,"Richards, Mrs. Sidney (Emily Hocking)",24.0,2,3,29106,18.75,147,False,False,True
845,0,3,"Culumovic, Mr. Jeso",17.0,0,0,315090,8.6625,147,True,False,True
365,0,3,"O'Brien, Mr. Thomas",,1,0,370365,15.5,147,True,True,False
230,0,3,"Lefebre, Miss. Mathilde",,3,1,4133,25.4667,147,False,False,True
38,0,3,"Cann, Mr. Ernest Charles",21.0,0,0,A./5. 2152,8.05,147,True,False,True
858,1,1,"Daly, Mr. Peter Denis ",51.0,0,0,113055,26.55,119,True,False,True
375,0,3,"Palsson, Miss. Stina Viola",3.0,3,1,349909,21.075,147,False,False,True
470,1,3,"Baclini, Miss. Helene Barbara",0.75,2,1,2666,19.2583,147,False,False,False
860,0,3,"Razi, Mr. Raihed",,0,0,2629,7.2292,147,True,False,False
759,0,3,"Theobald, Mr. Thomas Leonard",34.0,0,0,363294,8.05,147,True,False,True
652,1,2,"Doling, Miss. Elsie",18.0,0,1,231919,23.0,147,False,False,True
195,1,1,"Brown, Mrs. James Joseph (Margaret Tobin)",44.0,0,0,PC 17610,27.7208,28,False,False,False
761,0,3,"Garfirth, Mr. John",,0,0,358585,14.5,147,True,False,True
869,0,3,"van Melkebeke, Mr. Philemon",,0,0,345777,9.5,147,True,False,True
504,0,3,"Laitinen, Miss. Kristina Sofia",37.0,0,0,4135,9.5875,147,False,False,True
862,0,2,"Giles, Mr. Frederick Edward",21.0,1,0,28134,11.5,147,True,False,True
742,0,1,"Cavendish, Mr. Tyrell William",36.0,1,0,19877,78.85,67,True,False,True
580,1,3,"Jussila, Mr. Eiriik",32.0,0,0,STON/O 2. 3101286,7.925,147,True,False,True
889,0,3,"Johnston, Miss. Catherine Helen ""Carrie""",,1,2,W./C. 6607,23.45,147,False,False,True
163,0,3,"Bengtsson, Mr. John Viktor",26.0,0,0,347068,7.775,147,True,False,True
631,1,1,"Barkworth, Mr. Algernon Henry Wilson",80.0,0,0,27042,30.0,5,True,False,True
153,0,3,"Meo, Mr. Alfonzo",55.5,0,0,A.5. 11206,8.05,147,True,False,True
685,0,2,"Brown, Mr. Thomas William Solomon",60.0,1,1,29750,39.0,147,True,False,True
630,0,3,"O'Connell, Mr. Patrick D",,0,0,334912,7.7333,147,True,True,False
676,0,3,"Edvardsson, Mr. Gustaf Hjalmar",18.0,0,0,349912,7.775,147,True,False,True
112,0,3,"Zabour, Miss. Hileni",14.5,1,0,2665,14.4542,147,False,False,False
227,1,2,"Mellors, Mr. William John",19.0,0,0,SW/PP 751,10.5,147,True,False,True
619,1,2,"Becker, Miss. Marion Louise",4.0,2,1,230136,39.0,144,False,False,True
104,0,3,"Johansson, Mr. Gustaf Joel",33.0,0,0,7540,8.6542,147,True,False,True
422,0,3,"Charters, Mr. David",21.0,0,0,A/5. 13032,7.7333,147,True,True,False
420,0,3,"Van Impe, Miss. Catharina",10.0,0,2,345773,24.15,147,False,False,True
587,0,2,"Jarvis, Mr. John Denzil",47.0,0,0,237565,15.0,147,True,False,True
120,0,3,"Andersson, Miss. Ellis Anna Maria",2.0,4,2,347082,31.275,147,False,False,True
54,1,2,"Faunthorpe, Mrs. Lizzie (Elizabeth Anne Wilkinson)",29.0,1,0,2926,26.0,147,False,False,True
152,1,1,"Pears, Mrs. Thomas (Edith Wearne)",22.0,1,0,113776,66.6,61,False,False,True
404,0,3,"Hakkarainen, Mr. Pekka Pietari",28.0,1,0,STON/O2. 3101279,15.85,147,True,False,True
840,1,1,"Marechal, Mr. Pierre",,0,0,11774,29.7,68,True,False,False
208,1,3,"Albimona, Mr. Nassef Cassem",26.0,0,0,2699,18.7875,147,True,False,False
753,0,3,"Vande Velde, Mr. Johannes Joseph",33.0,0,0,345780,9.5,147,True,False,True
718,1,2,"Troutt, Miss. Edwina Celia ""Winnie""",27.0,0,0,34218,10.5,116,False,False,True
9,1,3,"Johnson, Mrs. Oscar W (Elisabeth Vilhelmina Berg)",27.0,0,2,347742,11.1333,147,False,False,True
723,0,2,"Gillespie, Mr. William Henry",34.0,0,0,12233,13.0,147,True,False,True
37,1,3,"Mamee, Mr. Hanna",,0,0,2677,7.2292,147,True,False,False
453,0,1,"Foreman, Mr. Benjamin Laventall",30.0,0,0,113051,27.75,53,True,False,False
254,0,3,"Lobb, Mr. William Arthur",30.0,1,0,A/5. 3336,16.1,147,True,False,True
304,1,2,"Keane, Miss. Nora A",,0,0,226593,12.35,116,False,True,False
668,0,3,"Rommetvedt, Mr. Knud Paust",,0,0,312993,7.775,147,True,False,True
572,1,1,"Appleton, Mrs. Edward Dale (Charlotte Lamson)",53.0,2,0,11769,51.4792,48,False,False,True
637,0,3,"Leinonen, Mr. Antti Gustaf",32.0,0,0,STON/O 2. 3101292,7.925,147,True,False,True
715,0,2,"Greenberg, Mr. Samuel",52.0,0,0,250647,13.0,147,True,False,True
263,0,1,"Taussig, Mr. Emil",52.0,1,1,110413,79.65,134,True,False,True
611,0,3,"Andersson, Mrs. Anders Johan (Alfrida Konstantia Brogren)",39.0,1,5,347082,31.275,147,False,False,True
298,0,1,"Allison, Miss. Helen Loraine",2.0,1,2,113781,151.55,62,False,False,True
415,1,3,"Sundman, Mr. Johan Julian",44.0,0,0,STON/O 2. 3101269,7.925,147,True,False,True
151,0,2,"Bateman, Rev. Robert James",51.0,0,0,S.O.P. 1166,12.525,147,True,False,True
706,0,2,"Morley, Mr. Henry Samuel (""Mr Henry Marshall"")",39.0,0,0,250655,26.0,147,True,False,True
790,0,1,"Guggenheim, Mr. Benjamin",46.0,0,0,PC 17593,79.2,44,True,False,False
551,1,1,"Thayer, Mr. John Borland Jr",17.0,0,2,17421,110.8833,77,True,False,False
489,0,3,"Somerton, Mr. Francis William",30.0,0,0,A.5. 18509,8.05,147,True,False,True
148,0,3,"Ford, Miss. Robina Maggie ""Ruby""",9.0,2,2,W./C. 6608,34.375,147,False,False,True
147,1,3,"Andersson, Mr. August Edvard (""Wennerstrom"")",27.0,0,0,350043,7.7958,147,True,False,True
837,0,3,"Pasic, Mr. Jakob",21.0,0,0,315097,8.6625,147,True,False,True
827,0,3,"Lam, Mr. Len",,0,0,1601,56.4958,147,True,False,True
871,0,3,"Balkic, Mr. Cerin",26.0,0,0,349248,7.8958,147,True,False,True
349,1,3,"Coutts, Master. William Loch ""William""",3.0,1,1,C.A. 37671,15.9,147,True,False,True
464,0,2,"Milling, Mr. Jacob Christian",48.0,0,0,234360,13.0,147,True,False,True
326,1,1,"Young, Miss. Marie Grice",36.0,0,0,PC 17760,135.6333,65,False,False,False
187,1,3,"O'Brien, Mrs. Thomas (Johanna ""Hannah"" Godfrey)",,1,0,370365,15.5,147,False,True,False
124,1,2,"Webber, Miss. Susan",32.5,0,0,27267,13.0,116,False,False,True
760,1,1,"Rothes, the Countess. of (Lucy Noel Martha Dyer-Edwards)",33.0,0,0,110152,86.5,40,False,False,True
609,1,2,"Laroche, Mrs. Joseph (Juliette Marie Louise Lafargue)",22.0,1,2,SC/Paris 2123,41.5792,147,False,False,False
144,0,3,"Burke, Mr. Jeremiah",19.0,0,0,365222,6.75,147,True,True,False
852,0,3,"Svensson, Mr. Johan",74.0,0,0,347060,7.775,147,True,False,True
198,0,3,"Olsen, Mr. Karl Siegwart Andreas",42.0,0,1,4579,8.4042,147,True,False,True
610,1,1,"Shutes, Miss. Elizabeth W",40.0,0,0,PC 17582,153.4625,57,False,False,True
280,1,3,"Abbott, Mrs. Stanton (Rosa Hunt)",35.0,1,1,C.A. 2673,20.25,147,False,False,True
294,0,3,"Haas, Miss. Aloisia",24.0,0,0,349236,8.85,147,False,False,True
401,1,3,"Niskanen, Mr. Juha",39.0,0,0,STON/O 2. 3101289,7.925,147,True,False,True
123,0,2,"Nasser, Mr. Nicholas",32.5,1,0,237736,30.0708,147,True,False,False
184,1,2,"Becker, Master. Richard F",1.0,2,1,230136,39.0,144,True,False,True
203,0,3,"Johanson, Mr. Jakob Alfred",34.0,0,0,3101264,6.4958,147,True,False,True
439,0,1,"Fortune, Mr. Mark",64.0,1,4,19950,263.0,63,True,False,True
247,0,3,"Lindahl, Miss. Agda Thorilda Viktoria",25.0,0,0,347071,7.775,147,False,False,True
416,0,3,"Meek, Mrs. Thomas (Annie Louise Rowley)",,0,0,343095,8.05,147,False,False,True
789,1,3,"Dean, Master. Bertram Vere",1.0,1,2,C.A. 2315,20.575,147,True,False,True
130,0,3,"Ekstrom, Mr. Johan",45.0,0,0,347061,6.975,147,True,False,True
638,0,2,"Collyer, Mr. Harvey",31.0,1,1,C.A. 31921,26.25,147,True,False,True
403,0,3,"Jussila, Miss. Mari Aina",21.0,1,0,4137,9.825,147,False,False,True
795,0,3,"Dantcheff, Mr. Ristiu",25.0,0,0,349203,7.8958,147,True,False,True
690,1,1,"Madill, Miss. Georgette Alexandra",15.0,0,1,24160,211.3375,32,False,False,True
811,0,3,"Alexander, Mr. William",26.0,0,0,3474,7.8875,147,True,False,True
220,0,2,"Harris, Mr. Walter",30.0,0,0,W/C 14208,10.5,147,True,False,True
642,1,1,"Sagesser, Mlle. Emma",24.0,0,0,PC 17477,69.3,24,False,False,False
813,0,2,"Slemen, Mr. Richard James",35.0,0,0,28206,10.5,147,True,False,True
673,0,2,"Mitchell, Mr. Henry Michael",70.0,0,0,C.A. 24580,10.5,147,True,False,True
816,0,1,"Fry, Mr. Richard",,0,0,112058,0.0,16,True,False,True
625,0,3,"Bowen, Mr. David John ""Dai""",21.0,0,0,54636,16.1,147,True,False,True
856,1,3,"Aks, Mrs. Sam (Leah Rosen)",18.0,0,1,392091,9.35,147,False,False,True
681,0,3,"Peters, Miss. Katie",,0,0,330935,8.1375,147,False,True,False
387,0,3,"Goodwin, Master. Sidney Leonard",1.0,5,2,CA 2144,46.9,147,True,False,True
864,0,3,"Sage, Miss. Dorothy Edith ""Dolly""",,8,2,CA. 2343,69.55,147,False,False,True
510,1,3,"Lang, Mr. Fang",26.0,0,0,1601,56.4958,147,True,False,True
268,1,3,"Persson, Mr. Ernst Ulrik",25.0,1,0,347083,7.775,147,True,False,True
733,0,2,"Knight, Mr. Robert J",,0,0,239855,0.0,147,True,False,True
442,0,3,"Hampe, Mr. Leon",20.0,0,0,345769,9.5,147,True,False,True
497,1,1,"Eustis, Miss. Elizabeth Mussey",54.0,1,0,36947,78.2667,96,False,False,False
113,0,3,"Barton, Mr. David John",22.0,0,0,324669,8.05,147,True,False,True
233,0,2,"Sjostedt, Mr. Ernst Adolf",59.0,0,0,237442,13.5,147,True,False,True
775,1,2,"Hocking, Mrs. Elizabeth (Eliza Needs)",54.0,1,3,29105,23.0,147,False,False,True
608,1,1,"Daniel, Mr. Robert Williams",27.0,0,0,113804,30.5,147,True,False,True
672,0,1,"Davidson, Mr. Thornton",31.0,1,0,F.C. 12750,52.0,38,True,False,True
374,0,1,"Ringhini, Mr. Sante",22.0,0,0,PC 17760,135.6333,147,True,False,False
873,0,1,"Carlsson, Mr. Frans Olof",33.0,0,0,695,5.0,34,True,False,True
752,1,3,"Moor, Master. Meier",6.0,0,1,392096,12.475,118,True,False,True
234,1,3,"Asplund, Miss. Lillian Gertrud",5.0,4,2,347077,31.3875,147,False,False,True
807,0,1,"Andrews, Mr. Thomas Jr",39.0,0,0,112050,0.0,11,True,False,True
677,0,3,"Sawyer, Mr. Frederick Charles",24.5,0,0,342826,8.05,147,True,False,True
318,0,2,"Moraweck, Dr. Ernest",54.0,0,0,29011,14.0,147,True,False,True
649,0,3,"Willey, Mr. Edward",,0,0,S.O./P.P. 751,7.55,147,True,False,True
411,0,3,"Sdycoff, Mr. Todor",,0,0,349222,7.8958,147,True,False,True
799,0,3,"Ibrahim Shawah, Mr. Yousseff",30.0,0,0,2685,7.2292,147,True,False,False
359,1,3,"McGovern, Miss. Mary",,0,0,330931,7.8792,147,False,True,False
259,1,1,"Ward, Miss. Anna",35.0,0,0,PC 17755,512.3292,147,False,False,False
628,1,1,"Longley, Miss. Gretchen Fiske",21.0,0,0,13502,77.9583,114,False,False,True
633,1,1,"Stahelin-Maeglin, Dr. Max",32.0,0,0,13214,30.5,33,True,False,False
283,0,3,"de Pelsmaeker, Mr. Alfons",16.0,0,0,345778,9.5,147,True,False,True
377,1,3,"Landergren, Miss. Aurora Adelia",22.0,0,0,C 7077,7.25,147,False,False,True
385,0,3,"Plotcharsky, Mr. Vasil",,0,0,349227,7.8958,147,True,False,True
225,1,1,"Hoyt, Mr. Frederick Maxfield",38.0,1,0,19943,90.0,87,True,False,True
847,0,3,"Sage, Mr. Douglas Bullen",,8,2,CA. 2343,69.55,147,True,False,True
729,0,2,"Bryhl, Mr. Kurt Arnold Gottfrid",25.0,1,0,236853,26.0,147,True,False,True
473,1,2,"West, Mrs. Edwy Arthur (Ada Mary Worth)",33.0,1,2,C.A. 34651,27.75,147,False,False,True
348,1,3,"Davison, Mrs. Thomas Henry (Mary E Finck)",,1,0,386525,16.1,147,False,False,True
506,0,1,"Penasco y Castellana, Mr. Victor de Satode",18.0,1,0,PC 17758,108.9,74,True,False,False
640,0,3,"Thorneycroft, Mr. Percival",,1,0,376564,16.1,147,True,False,True
879,0,3,"Laleff, Mr. Kristo",,0,0,349217,7.8958,147,True,False,True
825,0,3,"Panula, Master. Urho Abraham",2.0,4,1,3101295,39.6875,147,True,False,True
804,1,3,"Thomas, Master. Assad Alexander",0.42,0,1,2625,8.5167,147,True,False,False
