dataset_id,artifact_file,task_type,target_column,model_type,status,error,accuracy,precision,recall,f1_score,test_samples,n_classes,is_binary,resolved_dataset_path,model_path,executed_tools,tool_flow,task,train_accuracy,test_accuracy,overfitting_gap,training_samples,features,model_saved,test_indices_file,train_r2,test_r2,rmse,mae,mse,r2_score,mape
classification__easy__abhishek14398_heart-disease-classification__heart,classification__easy__abhishek14398_heart-disease-classification__heart.json,classification,target,logistic,success,,0.8852,0.8788,0.9062,0.8923,61.0,2.0,True,/home/joshua/Code/ai_projects/amalia/backend/data/uploads/datasets/classification/easy/abhishek14398_heart-disease-classification/heart.csv,/home/joshua/Code/ai_projects/amalia/data/batch_results/mistral_execution/models/classification__easy__abhishek14398_heart-disease-classification__heart.pkl,3.0,"['1:load_csv', '2:train_classification_model', '3:evaluate_classification_model']",,,,,,,,,,,,,,,
classification__easy__brsahan_genomic-data-for-cancer__gene_expression,classification__easy__brsahan_genomic-data-for-cancer__gene_expression.json,classification,Cancer Present,logistic,success,,,,,,600.0,2.0,,/home/joshua/Code/ai_projects/amalia/backend/data/uploads/datasets/classification/easy/brsahan_genomic-data-for-cancer/gene_expression.csv,/home/joshua/Code/ai_projects/amalia/data/batch_results/mistral_execution/models/classification__easy__brsahan_genomic-data-for-cancer__gene_expression.pkl,4.0,"['1:load_csv', '1:validate_csv_structure', '1:detect_duplicates', '2:train_classification_model']",classification,0.8558,0.86,-0.0042,2400.0,"['Gene One', 'Gene Two']",/home/joshua/Code/ai_projects/amalia/data/batch_results/mistral_execution/models/classification__easy__brsahan_genomic-data-for-cancer__gene_expression.pkl,/home/joshua/Code/ai_projects/amalia/data/batch_results/mistral_execution/models/classification__easy__brsahan_genomic-data-for-cancer__gene_expression_test_indices.json,,,,,,,
classification__easy__fedesoriano_stellar-classification-dataset-sdss17__star_classification,classification__easy__fedesoriano_stellar-classification-dataset-sdss17__star_classification.json,classification,,,failed,get_column_info: Column 'None' not found,,,,,,,,,,,,,,,,,,,,,,,,,,
classification__easy__himanshunakrani_naive-bayes-classification-data__Naive-Bayes-Classification-Data,classification__easy__himanshunakrani_naive-bayes-classification-data__Naive-Bayes-Classification-Data.json,classification,diabetes,naive_bayes,success,,,,,,199.0,2.0,,/home/joshua/Code/ai_projects/amalia/backend/data/uploads/datasets/classification/easy/himanshunakrani_naive-bayes-classification-data/Naive-Bayes-Classification-Data.csv,/home/joshua/Code/ai_projects/amalia/data/batch_results/mistral_execution/models/classification__easy__himanshunakrani_naive-bayes-classification-data__Naive-Bayes-Classification-Data.pkl,3.0,"['1:load_csv', '2:remove_duplicates', '3:train_classification_model']",classification,0.9322,0.9397,-0.0075,796.0,"['glucose', 'bloodpressure']",/home/joshua/Code/ai_projects/amalia/data/batch_results/mistral_execution/models/classification__easy__himanshunakrani_naive-bayes-classification-data__Naive-Bayes-Classification-Data.pkl,/home/joshua/Code/ai_projects/amalia/data/batch_results/mistral_execution/models/classification__easy__himanshunakrani_naive-bayes-classification-data__Naive-Bayes-Classification-Data_test_indices.json,,,,,,,
classification__easy__mahmoudshaheen1134_heart-disease-data__heart disease,classification__easy__mahmoudshaheen1134_heart-disease-data__heart disease.json,classification,target,logistic,success,,0.8678,0.8531,0.9173,0.8841,242.0,2.0,True,/home/joshua/Code/ai_projects/amalia/backend/data/uploads/heart disease_train.csv,/home/joshua/Code/ai_projects/amalia/backend/models/heart_disease_model.pkl,5.0,"['1:load_csv', '2:validate_csv_structure', '3:split_dataset', '4:train_classification_model', '5:evaluate_classification_model']",,,,,,,,,,,,,,,
classification__easy__priyanshusethi_happiness-classification-dataset__happydata,classification__easy__priyanshusethi_happiness-classification-dataset__happydata.json,classification,,,failed,get_column_info: Column 'None' not found,,,,,,,,,,,,,,,,,,,,,,,,,,
classification__easy__ritwikb3_heart-disease-cleveland__Heart_disease_cleveland_new,classification__easy__ritwikb3_heart-disease-cleveland__Heart_disease_cleveland_new.json,classification,,,success,,,,,,,,,/home/joshua/Code/ai_projects/amalia/backend/data/uploads/datasets/classification/easy/ritwikb3_heart-disease-cleveland/Heart_disease_cleveland_new.csv,,0.0,[],,,,,,,,,,,,,,,
classification__easy__ritwikb3_heart-disease-statlog__Heart_disease_statlog,classification__easy__ritwikb3_heart-disease-statlog__Heart_disease_statlog.json,classification,target,logistic,success,,0.9259,0.9474,0.8571,0.9,54.0,2.0,True,/home/joshua/Code/ai_projects/amalia/backend/data/uploads/datasets/classification/easy/ritwikb3_heart-disease-statlog/Heart_disease_statlog.csv,/home/joshua/Code/ai_projects/amalia/data/batch_results/mistral_execution/models/classification__easy__ritwikb3_heart-disease-statlog__Heart_disease_statlog.pkl,3.0,"['1:load_csv', '2:train_classification_model', '3:evaluate_classification_model']",,,,,,,,,,,,,,,
classification__easy__robikscube_eye-state-classification-eeg-dataset__EEG_Eye_State_Classification,classification__easy__robikscube_eye-state-classification-eeg-dataset__EEG_Eye_State_Classification.json,classification,eyeDetection,logistic,success,,0.6272,0.6484,0.4539,0.534,2996.0,2.0,True,/home/joshua/Code/ai_projects/amalia/backend/data/uploads/datasets/classification/easy/robikscube_eye-state-classification-eeg-dataset/EEG_Eye_State_Classification.csv,/home/joshua/Code/ai_projects/amalia/data/batch_results/mistral_execution/models/classification__easy__robikscube_eye-state-classification-eeg-dataset__EEG_Eye_State_Classification.pkl,3.0,"['1:load_csv', '2:train_classification_model', '3:evaluate_classification_model']",,,,,,,,,,,,,,,
classification__easy__uciml_glass__glass,classification__easy__uciml_glass__glass.json,classification,Type,logistic,success,,0.6977,0.6249,0.6977,0.6453,43.0,6.0,False,/home/joshua/Code/ai_projects/amalia/backend/data/uploads/datasets/classification/easy/uciml_glass/glass.csv,/home/joshua/Code/ai_projects/amalia/data/batch_results/mistral_execution/models/classification__easy__uciml_glass__glass.pkl,3.0,"['1:load_csv', '2:train_classification_model', '3:evaluate_classification_model']",,,,,,,,,,,,,,,
classification__easy__yasserh_heart-disease-dataset__heart,classification__easy__yasserh_heart-disease-dataset__heart.json,classification,target,logistic,success,,0.8852,0.8788,0.9062,0.8923,61.0,2.0,True,/home/joshua/Code/ai_projects/amalia/backend/data/uploads/datasets/classification/easy/yasserh_heart-disease-dataset/heart.csv,/home/joshua/Code/ai_projects/amalia/data/batch_results/mistral_execution/models/classification__easy__yasserh_heart-disease-dataset__heart.pkl,3.0,"['1:load_csv', '2:train_classification_model', '3:evaluate_classification_model']",,,,,,,,,,,,,,,
classification__easy__yasserh_wine-quality-dataset__WineQT,classification__easy__yasserh_wine-quality-dataset__WineQT.json,classification,,,failed,Workflow has no executable steps,,,,,,,,,,,,,,,,,,,,,,,,,,
classification__hard__abhishek14398_loan-dataset__loan,classification__hard__abhishek14398_loan-dataset__loan.json,classification,total_il_high_credit_limit,naive_bayes,failed,Input y contains NaN.,,,,,,,,,,,,,,,,,,,,,,,,,,
classification__hard__andrewmvd_cyberbullying-classification__cyberbullying_tweets,classification__hard__andrewmvd_cyberbullying-classification__cyberbullying_tweets.json,classification,cyberbullying_type,logistic,success,,0.1698,0.0288,0.1698,0.0493,4000.0,6.0,False,/home/joshua/Code/ai_projects/amalia/backend/data/uploads/datasets/classification/hard/andrewmvd_cyberbullying-classification/cyberbullying_tweets.csv,/home/joshua/Code/ai_projects/amalia/data/batch_results/mistral_execution/models/classification__hard__andrewmvd_cyberbullying-classification__cyberbullying_tweets.pkl,3.0,"['1:load_csv', '2:train_classification_model', '3:evaluate_classification_model']",,,,,,,,,,,,,,,
classification__hard__balaka18_email-spam-classification-dataset-csv__emails,classification__hard__balaka18_email-spam-classification-dataset-csv__emails.json,classification,target,svm,success,,0.9874,0.975,0.9874,0.9812,1035.0,5.0,False,/home/joshua/Code/ai_projects/amalia/backend/data/uploads/datasets/classification/hard/balaka18_email-spam-classification-dataset-csv/emails.csv,/home/joshua/Code/ai_projects/amalia/data/batch_results/mistral_execution/models/classification__hard__balaka18_email-spam-classification-dataset-csv__emails.pkl,3.0,"['1:load_csv', '2:train_classification_model', '3:evaluate_classification_model']",,,,,,,,,,,,,,,
classification__hard__ddosad_ecommerce-customer-service-satisfaction__Customer_support_data,classification__hard__ddosad_ecommerce-customer-service-satisfaction__Customer_support_data.json,classification,CSAT Score,logistic,failed,"Input X contains NaN.
LogisticRegression does not accept missing values encoded as NaN natively. For supervised learning, you might want to consider sklearn.ensemble.HistGradientBoostingClassifier and Regressor which accept missing values encoded as NaNs natively. Alternatively, it is possible to preprocess the data, for instance by using an imputer transformer in a pipeline or drop samples with missing values. See https://scikit-learn.org/stable/modules/impute.html You can find a list of all estimators that handle NaN values at the following page: https://scikit-learn.org/stable/modules/impute.html#estimators-that-handle-nan-values",,,,,,,,,,,,,,,,,,,,,,,,,,
classification__hard__hetulmehta_website-classification__website_classification,classification__hard__hetulmehta_website-classification__website_classification.json,classification,Category,logistic,success,,0.0957,0.0306,0.0957,0.038,282.0,16.0,False,/home/joshua/Code/ai_projects/amalia/backend/data/uploads/datasets/classification/hard/hetulmehta_website-classification/website_classification.csv,/home/joshua/Code/ai_projects/amalia/data/batch_results/mistral_execution/models/classification__hard__hetulmehta_website-classification__website_classification.pkl,3.0,"['1:load_csv', '2:train_classification_model', '3:evaluate_classification_model']",,,,,,,,,,,,,,,
classification__hard__jocelyndumlao_consumer-review-of-clothing-product__Consumer Review of Clothing Product__data_amazon.xlsx - Sheet1,classification__hard__jocelyndumlao_consumer-review-of-clothing-product__Consumer Review of Clothing Product__data_amazon.xlsx - Sheet1.json,classification,Durability,gradient_boosting,failed,"Input X contains NaN.
GradientBoostingClassifier does not accept missing values encoded as NaN natively. For supervised learning, you might want to consider sklearn.ensemble.HistGradientBoostingClassifier and Regressor which accept missing values encoded as NaNs natively. Alternatively, it is possible to preprocess the data, for instance by using an imputer transformer in a pipeline or drop samples with missing values. See https://scikit-learn.org/stable/modules/impute.html You can find a list of all estimators that handle NaN values at the following page: https://scikit-learn.org/stable/modules/impute.html#estimators-that-handle-nan-values",,,,,,,,,,,,,,,,,,,,,,,,,,
classification__hard__pashupatigupta_emotion-detection-from-text__tweet_emotions,classification__hard__pashupatigupta_emotion-detection-from-text__tweet_emotions.json,classification,,,failed,"random_state must be an integer, array-like, a BitGenerator, Generator, a numpy RandomState, or None",,,,,,,,,,,,,,,,,,,,,,,,,,
classification__hard__prox37_twitter-multilabel-classification-dataset__mLabel_tweets,classification__hard__prox37_twitter-multilabel-classification-dataset__mLabel_tweets.json,classification,labels,logistic,success,,,,,,1985.0,288.0,,/home/joshua/Code/ai_projects/amalia/backend/data/uploads/datasets/classification/hard/prox37_twitter-multilabel-classification-dataset/mLabel_tweets.csv,/home/joshua/Code/ai_projects/amalia/data/batch_results/mistral_execution/models/classification__hard__prox37_twitter-multilabel-classification-dataset__mLabel_tweets.pkl,2.0,"['1:encode_categorical', '2:train_classification_model']",classification,0.2906,0.2907,-0.0001,7936.0,"['ID', 'tweet']",/home/joshua/Code/ai_projects/amalia/data/batch_results/mistral_execution/models/classification__hard__prox37_twitter-multilabel-classification-dataset__mLabel_tweets.pkl,/home/joshua/Code/ai_projects/amalia/data/batch_results/mistral_execution/models/classification__hard__prox37_twitter-multilabel-classification-dataset__mLabel_tweets_test_indices.json,,,,,,,
classification__hard__saurabhshahane_ecommerce-text-classification__ecommerceDataset,classification__hard__saurabhshahane_ecommerce-text-classification__ecommerceDataset.json,classification,"Paper Plane Design Framed Wall Hanging Motivational Office Decor Art Prints (8.7 X 8.7 inch) - Set of 4 Painting made up in synthetic frame with uv textured print which gives multi effects and attracts towards it. This is an special series of paintings which makes your wall very beautiful and gives a royal touch. This painting is ready to hang, you would be proud to possess this unique painting that is a niche apart. We use only the most modern and efficient printing technology on our prints, with only the and inks and precision epson, roland and hp printers. This innovative hd printing technique results in durable and spectacular looking prints of the highest that last a lifetime. We print solely with top-notch 100% inks, to achieve brilliant and true colours. Due to their high level of uv resistance, our prints retain their beautiful colours for many years. Add colour and style to your living space with this digitally printed painting. Some are for pleasure and some for eternal bliss.so bring home this elegant print that is lushed with rich colors that makes it nothing but sheer elegance to be to your friends and family.it would be treasured forever by whoever your lucky recipient is. Liven up your place with these intriguing paintings that are high definition hd graphic digital prints for home, office or any room.",logistic,failed,Input contains NaN,,,,,,,,,,,,,,,,,,,,,,,,,,
classification__hard__shivamb_spam-url-prediction__url_spam_classification,classification__hard__shivamb_spam-url-prediction__url_spam_classification.json,classification,is_spam,logistic,success,,0.3155,0.3155,1.0,0.4797,4000.0,2.0,True,/home/joshua/Code/ai_projects/amalia/backend/data/uploads/datasets/classification/hard/shivamb_spam-url-prediction/url_spam_classification.csv,/home/joshua/Code/ai_projects/amalia/data/batch_results/mistral_execution/models/classification__hard__shivamb_spam-url-prediction__url_spam_classification.pkl,3.0,"['1:load_csv', '2:train_classification_model', '3:evaluate_classification_model']",,,,,,,,,,,,,,,
classification__mid__andrewmvd_cyberbullying-classification__cyberbullying_tweets,classification__mid__andrewmvd_cyberbullying-classification__cyberbullying_tweets.json,classification,cyberbullying_type,logistic,success,,0.1698,0.0288,0.1698,0.0493,4000.0,6.0,False,/home/joshua/Code/ai_projects/amalia/backend/data/uploads/datasets/classification/mid/andrewmvd_cyberbullying-classification/cyberbullying_tweets.csv,/home/joshua/Code/ai_projects/amalia/data/batch_results/mistral_execution/models/classification__mid__andrewmvd_cyberbullying-classification__cyberbullying_tweets.pkl,4.0,"['1:load_csv', '2:get_basic_stats', '3:train_classification_model', '4:evaluate_classification_model']",,,,,,,,,,,,,,,
classification__mid__christianlillelund_csgo-round-winner-classification__csgo_round_snapshots,classification__mid__christianlillelund_csgo-round-winner-classification__csgo_round_snapshots.json,classification,round_winner,decision_tree,failed,"pos_label=1 is not a valid label. It should be one of ['CT', 'T']",,,,,,,,,,,,,,,,,,,,,,,,,,
classification__mid__fedesoriano_heart-failure-prediction__heart,classification__mid__fedesoriano_heart-failure-prediction__heart.json,classification,HeartDisease,logistic,success,,0.7717,0.8916,0.6916,0.7789,184.0,2.0,True,/home/joshua/Code/ai_projects/amalia/backend/data/uploads/datasets/classification/mid/fedesoriano_heart-failure-prediction/heart.csv,/home/joshua/Code/ai_projects/amalia/data/batch_results/mistral_execution/models/classification__mid__fedesoriano_heart-failure-prediction__heart.pkl,3.0,"['1:load_csv', '2:train_classification_model', '3:evaluate_classification_model']",,,,,,,,,,,,,,,
classification__mid__fedesoriano_stellar-classification-dataset-sdss17__star_classification,classification__mid__fedesoriano_stellar-classification-dataset-sdss17__star_classification.json,classification,,,failed,"random_state must be an integer, array-like, a BitGenerator, Generator, a numpy RandomState, or None",,,,,,,,,,,,,,,,,,,,,,,,,,
classification__mid__nimapourmoradi_dry-bean-dataset-classification__Dry_Bean_Dataset,classification__mid__nimapourmoradi_dry-bean-dataset-classification__Dry_Bean_Dataset.json,classification,Class,logistic,success,,,,,,2723.0,7.0,,/home/joshua/Code/ai_projects/amalia/backend/data/uploads/datasets/classification/mid/nimapourmoradi_dry-bean-dataset-classification/Dry_Bean_Dataset.csv,/home/joshua/Code/ai_projects/amalia/data/batch_results/mistral_execution/models/classification__mid__nimapourmoradi_dry-bean-dataset-classification__Dry_Bean_Dataset.pkl,3.0,"['1:load_csv', '2:get_basic_stats', '3:train_classification_model']",classification,0.8515,0.8557,-0.0042,10888.0,"['Area', 'Perimeter', 'MajorAxisLength', 'MinorAxisLength', 'AspectRation', 'Eccentricity', 'ConvexArea', 'EquivDiameter', 'Extent', 'Solidity', 'roundness', 'Compactness', 'ShapeFactor1', 'ShapeFactor2', 'ShapeFactor3', 'ShapeFactor4']",/home/joshua/Code/ai_projects/amalia/data/batch_results/mistral_execution/models/classification__mid__nimapourmoradi_dry-bean-dataset-classification__Dry_Bean_Dataset.pkl,/home/joshua/Code/ai_projects/amalia/data/batch_results/mistral_execution/models/classification__mid__nimapourmoradi_dry-bean-dataset-classification__Dry_Bean_Dataset_test_indices.json,,,,,,,
classification__mid__tanishqdublish_text-classification-documentation__df_file,classification__mid__tanishqdublish_text-classification-documentation__df_file.json,classification,Label,logistic,success,,0.2,0.1001,0.2,0.094,445.0,5.0,False,/home/joshua/Code/ai_projects/amalia/backend/data/uploads/datasets/classification/mid/tanishqdublish_text-classification-documentation/df_file.csv,/home/joshua/Code/ai_projects/amalia/data/batch_results/mistral_execution/models/classification__mid__tanishqdublish_text-classification-documentation__df_file.pkl,3.0,"['1:load_csv', '2:train_classification_model', '3:evaluate_classification_model']",,,,,,,,,,,,,,,
classification__mid__uciml_iris__Iris,classification__mid__uciml_iris__Iris.json,classification,Species,logistic,success,,,,,,30.0,3.0,,/home/joshua/Code/ai_projects/amalia/backend/data/uploads/datasets/classification/mid/uciml_iris/Iris.csv,/home/joshua/Code/ai_projects/amalia/data/batch_results/mistral_execution/models/classification__mid__uciml_iris__Iris.pkl,2.0,"['1:encode_categorical', '2:train_classification_model']",classification,1.0,1.0,0.0,120.0,"['Id', 'SepalLengthCm', 'SepalWidthCm', 'PetalLengthCm', 'PetalWidthCm']",/home/joshua/Code/ai_projects/amalia/data/batch_results/mistral_execution/models/classification__mid__uciml_iris__Iris.pkl,/home/joshua/Code/ai_projects/amalia/data/batch_results/mistral_execution/models/classification__mid__uciml_iris__Iris_test_indices.json,,,,,,,
classification__mid__uciml_pima-indians-diabetes-database__diabetes,classification__mid__uciml_pima-indians-diabetes-database__diabetes.json,classification,Outcome,logistic,success,,0.7468,0.6379,0.6727,0.6549,154.0,2.0,True,/home/joshua/Code/ai_projects/amalia/backend/data/uploads/datasets/classification/mid/uciml_pima-indians-diabetes-database/diabetes.csv,/home/joshua/Code/ai_projects/amalia/data/batch_results/mistral_execution/models/classification__mid__uciml_pima-indians-diabetes-database__diabetes.pkl,3.0,"['1:load_csv', '2:train_classification_model', '3:evaluate_classification_model']",,,,,,,,,,,,,,,
classification__mid__xhlulu_cpc-codes__titles,classification__mid__xhlulu_cpc-codes__titles.json,classification,class,logistic,failed,"Input X contains NaN.
LogisticRegression does not accept missing values encoded as NaN natively. For supervised learning, you might want to consider sklearn.ensemble.HistGradientBoostingClassifier and Regressor which accept missing values encoded as NaNs natively. Alternatively, it is possible to preprocess the data, for instance by using an imputer transformer in a pipeline or drop samples with missing values. See https://scikit-learn.org/stable/modules/impute.html You can find a list of all estimators that handle NaN values at the following page: https://scikit-learn.org/stable/modules/impute.html#estimators-that-handle-nan-values",,,,,,,,,,,,,,,,,,,,,,,,,,
classification__mid__yasserh_titanic-dataset__Titanic-Dataset,classification__mid__yasserh_titanic-dataset__Titanic-Dataset.json,classification,Survived,logistic,failed,"Input X contains NaN.
LogisticRegression does not accept missing values encoded as NaN natively. For supervised learning, you might want to consider sklearn.ensemble.HistGradientBoostingClassifier and Regressor which accept missing values encoded as NaNs natively. Alternatively, it is possible to preprocess the data, for instance by using an imputer transformer in a pipeline or drop samples with missing values. See https://scikit-learn.org/stable/modules/impute.html You can find a list of all estimators that handle NaN values at the following page: https://scikit-learn.org/stable/modules/impute.html#estimators-that-handle-nan-values",,,,,,,,,,,,,,,,,,,,,,,,,,
regression__easy__ganjerlawrence_mobile-phone-price-prediction-cleaned-dataset__Mobile-Price-Prediction-cleaned_data,regression__easy__ganjerlawrence_mobile-phone-price-prediction-cleaned-dataset__Mobile-Price-Prediction-cleaned_data.json,regression,Price,linear,success,,,,,,94.0,,,/home/joshua/Code/ai_projects/amalia/backend/data/uploads/datasets/regression/easy/ganjerlawrence_mobile-phone-price-prediction-cleaned-dataset/Mobile-Price-Prediction-cleaned_data.csv,/home/joshua/Code/ai_projects/amalia/data/batch_results/mistral_execution/models/regression__easy__ganjerlawrence_mobile-phone-price-prediction-cleaned-dataset__Mobile-Price-Prediction-cleaned_data.pkl,1.0,['1:train_regression_model'],regression,,,0.1973,372.0,"['Ratings', 'RAM', 'ROM', 'Mobile_Size', 'Primary_Cam', 'Selfi_Cam', 'Battery_Power']",/home/joshua/Code/ai_projects/amalia/data/batch_results/mistral_execution/models/regression__easy__ganjerlawrence_mobile-phone-price-prediction-cleaned-dataset__Mobile-Price-Prediction-cleaned_data.pkl,/home/joshua/Code/ai_projects/amalia/data/batch_results/mistral_execution/models/regression__easy__ganjerlawrence_mobile-phone-price-prediction-cleaned-dataset__Mobile-Price-Prediction-cleaned_data_test_indices.json,0.4831,0.2858,17094.0315,8626.7143,292205913.1856,,
regression__easy__govindaramsriram_crop-yield-of-a-farm__crop_yield_data,regression__easy__govindaramsriram_crop-yield-of-a-farm__crop_yield_data.json,regression,crop_yield,linear,success,,,,,,600.0,,,/home/joshua/Code/ai_projects/amalia/backend/data/uploads/datasets/regression/easy/govindaramsriram_crop-yield-of-a-farm/crop_yield_data.csv,/home/joshua/Code/ai_projects/amalia/data/batch_results/mistral_execution/models/regression__easy__govindaramsriram_crop-yield-of-a-farm__crop_yield_data.pkl,3.0,"['1:load_csv', '2:train_regression_model', '3:evaluate_regression_model']",,,,,,,,,,,0.2859,0.2432,0.0818,1.0,0.0999
regression__easy__nalisha_numerical-feature-based-target-prediction-using-ml__practice_dataset,regression__easy__nalisha_numerical-feature-based-target-prediction-using-ml__practice_dataset.json,regression,target,linear,success,,,,,,2000.0,,,/home/joshua/Code/ai_projects/amalia/backend/data/uploads/datasets/regression/easy/nalisha_numerical-feature-based-target-prediction-using-ml/practice_dataset.csv,/home/joshua/Code/ai_projects/amalia/data/batch_results/mistral_execution/models/regression__easy__nalisha_numerical-feature-based-target-prediction-using-ml__practice_dataset.pkl,3.0,"['1:load_csv', '2:train_regression_model', '3:evaluate_regression_model']",,,,,,,,,,,50.0909,41.2742,2509.0934,0.5281,143.6676
regression__easy__quantbruce_real-estate-price-prediction__Real estate,regression__easy__quantbruce_real-estate-price-prediction__Real estate.json,regression,Y house price of unit area,linear,success,,,,,,83.0,,,/home/joshua/Code/ai_projects/amalia/backend/data/uploads/datasets/regression/easy/quantbruce_real-estate-price-prediction/Real estate.csv,/home/joshua/Code/ai_projects/amalia/backend/models/regression_model.pkl,2.0,"['1:load_csv', '2:train_regression_model']",regression,,,-0.05,331.0,"['No', 'X1 transaction date', 'X2 house age', 'X3 distance to the nearest MRT station', 'X4 number of convenience stores', 'X5 latitude', 'X6 longitude']",/home/joshua/Code/ai_projects/amalia/backend/models/regression_model.pkl,/home/joshua/Code/ai_projects/amalia/backend/models/regression_model_test_indices.json,0.5747,0.6246,7.1376,5.4202,50.9455,,
regression__easy__ranitsarkar01_porter-delivery-time-estimation__dataset,regression__easy__ranitsarkar01_porter-delivery-time-estimation__dataset.json,regression,total_outstanding_orders,linear,failed,"Input X contains NaN.
LinearRegression does not accept missing values encoded as NaN natively. For supervised learning, you might want to consider sklearn.ensemble.HistGradientBoostingClassifier and Regressor which accept missing values encoded as NaNs natively. Alternatively, it is possible to preprocess the data, for instance by using an imputer transformer in a pipeline or drop samples with missing values. See https://scikit-learn.org/stable/modules/impute.html You can find a list of all estimators that handle NaN values at the following page: https://scikit-learn.org/stable/modules/impute.html#estimators-that-handle-nan-values",,,,,,,,,,,,,,,,,,,,,,,,,,
regression__easy__sakshisatre_the-boston-housing-dataset__Boston (1),regression__easy__sakshisatre_the-boston-housing-dataset__Boston (1).json,regression,MEDV,linear,success,,,,,,102.0,,,/home/joshua/Code/ai_projects/amalia/backend/data/uploads/datasets/regression/easy/sakshisatre_the-boston-housing-dataset/Boston (1).csv,/home/joshua/Code/ai_projects/amalia/data/batch_results/mistral_execution/models/regression__easy__sakshisatre_the-boston-housing-dataset__Boston (1).pkl,3.0,"['1:load_csv', '2:train_regression_model', '3:evaluate_regression_model']",,,,,,,,,,,3.7359,3.0214,13.9569,0.8058,16.1793
regression__easy__thedevastator_age-prediction-for-individuals-using-multi-omic__test_rows,regression__easy__thedevastator_age-prediction-for-individuals-using-multi-omic__test_rows.json,regression,KLF14_2,linear,success,,,,,,21.0,,,/home/joshua/Code/ai_projects/amalia/backend/data/uploads/datasets/regression/easy/thedevastator_age-prediction-for-individuals-using-multi-omic/test_rows.csv,/home/joshua/Code/ai_projects/amalia/data/batch_results/mistral_execution/models/regression__easy__thedevastator_age-prediction-for-individuals-using-multi-omic__test_rows.pkl,3.0,"['1:load_csv', '2:train_regression_model', '3:evaluate_regression_model']",,,,,,,,,,,1.5996,1.3572,2.5586,0.3535,63.5413
regression__easy__zubairdhuddi_linear-regression__test,regression__easy__zubairdhuddi_linear-regression__test.json,regression,y,linear,success,,,,,,60.0,,,/home/joshua/Code/ai_projects/amalia/backend/data/uploads/datasets/regression/easy/zubairdhuddi_linear-regression/test.csv,/home/joshua/Code/ai_projects/amalia/backend/models/linear_regression_test_model.pkl,1.0,['1:train_regression_model'],regression,,,0.0046,240.0,['x'],/home/joshua/Code/ai_projects/amalia/backend/models/linear_regression_test_model.pkl,/home/joshua/Code/ai_projects/amalia/backend/models/linear_regression_test_model_test_indices.json,0.9899,0.9853,3.1949,2.5378,10.2072,,
regression__hard__anujsaha0123456789_house-prices-cleaned-dataset-for-regression-ml__house_prices_cleaned,regression__hard__anujsaha0123456789_house-prices-cleaned-dataset-for-regression-ml__house_prices_cleaned.json,regression,SalePrice,svr,success,,,,,,292.0,,,/home/joshua/Code/ai_projects/amalia/backend/data/uploads/datasets/regression/hard/anujsaha0123456789_house-prices-cleaned-dataset-for-regression-ml/house_prices_cleaned.csv,/home/joshua/Code/ai_projects/amalia/data/batch_results/mistral_execution/models/regression__hard__anujsaha0123456789_house-prices-cleaned-dataset-for-regression-ml__house_prices_cleaned.pkl,3.0,"['1:load_csv', '2:train_regression_model', '3:evaluate_regression_model']",,,,,,,,,,,88653.0271,59556.7317,7859359217.2756,-0.0246,35.9659
regression__hard__bharatsahu_house-price-prediction-dataset-insurancehub-usa__House_price_multifeatures,regression__hard__bharatsahu_house-price-prediction-dataset-insurancehub-usa__House_price_multifeatures.json,classification,TTTerritory,decision_tree,failed,Input contains NaN,,,,,,,,,,,,,,,,,,,,,,,,,,
regression__hard__bjaton_housepricesadvancedregressiontechniquestrain__train,regression__hard__bjaton_housepricesadvancedregressiontechniquestrain__train.json,regression,SalePrice,ridge,failed,"Input X contains NaN.
Ridge does not accept missing values encoded as NaN natively. For supervised learning, you might want to consider sklearn.ensemble.HistGradientBoostingClassifier and Regressor which accept missing values encoded as NaNs natively. Alternatively, it is possible to preprocess the data, for instance by using an imputer transformer in a pipeline or drop samples with missing values. See https://scikit-learn.org/stable/modules/impute.html You can find a list of all estimators that handle NaN values at the following page: https://scikit-learn.org/stable/modules/impute.html#estimators-that-handle-nan-values",,,,,,,,,,,,,,,,,,,,,,,,,,
regression__hard__bobnau_daily-website-visitors__daily-website-visitors,regression__hard__bobnau_daily-website-visitors__daily-website-visitors.json,regression,Returning.Visits,linear,failed,"could not convert string to float: '1,036'",,,,,,,,,,,,,,,,,,,,,,,,,,
regression__hard__deepcontractor_car-price-prediction-challenge__car_price_prediction,regression__hard__deepcontractor_car-price-prediction-challenge__car_price_prediction.json,regression,Price,random_forest,success,,,,,,3848.0,,,/home/joshua/Code/ai_projects/amalia/backend/data/uploads/datasets/regression/hard/deepcontractor_car-price-prediction-challenge/car_price_prediction_preprocessed.csv,/home/joshua/Code/ai_projects/amalia/backend/models/car_price_prediction_model.pkl,4.0,"['1:handle_missing_values', '1:encode_categorical', '2:train_regression_model', '3:evaluate_regression_model']",,,,,,,,,,,17111.1643,12415.8172,292791944.7667,0.0603,2529.8511
regression__hard__kanchana1990_colorado-real-estate-market-2026__colorado_real_estate_2026,regression__hard__kanchana1990_colorado-real-estate-market-2026__colorado_real_estate_2026.json,regression,garage,linear,failed,"Input X contains NaN.
LinearRegression does not accept missing values encoded as NaN natively. For supervised learning, you might want to consider sklearn.ensemble.HistGradientBoostingClassifier and Regressor which accept missing values encoded as NaNs natively. Alternatively, it is possible to preprocess the data, for instance by using an imputer transformer in a pipeline or drop samples with missing values. See https://scikit-learn.org/stable/modules/impute.html You can find a list of all estimators that handle NaN values at the following page: https://scikit-learn.org/stable/modules/impute.html#estimators-that-handle-nan-values",,,,,,,,,,,,,,,,,,,,,,,,,,
regression__hard__milanvaddoriya_old-car-price-prediction__car_price,regression__hard__milanvaddoriya_old-car-price-prediction__car_price.json,regression,,,failed,get_column_info: Column 'None' not found,,,,,,,,,,,,,,,,,,,,,,,,,,
regression__hard__spittman1248_cdc-data-nutrition-physical-activity-obesity__Nutrition__Physical_Activity__and_Obesity_-_Behavioral_Risk_Factor_Surveillance_System,regression__hard__spittman1248_cdc-data-nutrition-physical-activity-obesity__Nutrition__Physical_Activity__and_Obesity_-_Behavioral_Risk_Factor_Surveillance_System.json,classification,Class,naive_bayes,failed,"Input X contains NaN.
GaussianNB does not accept missing values encoded as NaN natively. For supervised learning, you might want to consider sklearn.ensemble.HistGradientBoostingClassifier and Regressor which accept missing values encoded as NaNs natively. Alternatively, it is possible to preprocess the data, for instance by using an imputer transformer in a pipeline or drop samples with missing values. See https://scikit-learn.org/stable/modules/impute.html You can find a list of all estimators that handle NaN values at the following page: https://scikit-learn.org/stable/modules/impute.html#estimators-that-handle-nan-values",,,,,,,,,,,,,,,,,,,,,,,,,,
regression__hard__taweilo_mba-admission-dataset__MBA,regression__hard__taweilo_mba-admission-dataset__MBA.json,regression,gpa,linear,failed,"invalid load key, '['.",,,,,,,,,,,,,,,,,,,,,,,,,,
regression__hard__valakhorasani_tehran-house-prices-dataset__TehranHouse,regression__hard__valakhorasani_tehran-house-prices-dataset__TehranHouse.json,regression,Price(USD),linear,success,,,,,,696.0,,,/home/joshua/Code/ai_projects/amalia/backend/data/uploads/datasets/regression/hard/valakhorasani_tehran-house-prices-dataset/TehranHouse.csv,/home/joshua/Code/ai_projects/amalia/data/batch_results/mistral_execution/models/regression__hard__valakhorasani_tehran-house-prices-dataset__TehranHouse.pkl,3.0,"['1:load_csv', '2:train_regression_model', '3:evaluate_regression_model']",,,,,,,,,,,0.0027,0.0022,0.0,1.0,0.0
regression__mid__CooperUnion_cardataset__data,regression__mid__CooperUnion_cardataset__data.json,regression,MSRP,linear,failed,"Input X contains NaN.
LinearRegression does not accept missing values encoded as NaN natively. For supervised learning, you might want to consider sklearn.ensemble.HistGradientBoostingClassifier and Regressor which accept missing values encoded as NaNs natively. Alternatively, it is possible to preprocess the data, for instance by using an imputer transformer in a pipeline or drop samples with missing values. See https://scikit-learn.org/stable/modules/impute.html You can find a list of all estimators that handle NaN values at the following page: https://scikit-learn.org/stable/modules/impute.html#estimators-that-handle-nan-values",,,,,,,,,,,,,,,,,,,,,,,,,,
regression__mid__alamshihab075_health-and-lifestyle-data-for-diabetes-prediction__Diabetes_and_LifeStyle_Dataset ,regression__mid__alamshihab075_health-and-lifestyle-data-for-diabetes-prediction__Diabetes_and_LifeStyle_Dataset .json,regression,diagnosed_diabetes,ridge,success,,,,,,4000.0,,,/home/joshua/Code/ai_projects/amalia/backend/data/uploads/datasets/regression/mid/alamshihab075_health-and-lifestyle-data-for-diabetes-prediction/Diabetes_and_LifeStyle_Dataset .csv,/home/joshua/Code/ai_projects/amalia/data/batch_results/mistral_execution/models/regression__mid__alamshihab075_health-and-lifestyle-data-for-diabetes-prediction__Diabetes_and_LifeStyle_Dataset .pkl,3.0,"['1:load_csv', '2:train_regression_model', '3:evaluate_regression_model']",,,,,,,,,,,0.4228,0.3465,0.1788,0.2565,
regression__mid__camnugent_california-housing-prices__housing,regression__mid__camnugent_california-housing-prices__housing.json,regression,median_house_value,linear,failed,"Input X contains NaN.
LinearRegression does not accept missing values encoded as NaN natively. For supervised learning, you might want to consider sklearn.ensemble.HistGradientBoostingClassifier and Regressor which accept missing values encoded as NaNs natively. Alternatively, it is possible to preprocess the data, for instance by using an imputer transformer in a pipeline or drop samples with missing values. See https://scikit-learn.org/stable/modules/impute.html You can find a list of all estimators that handle NaN values at the following page: https://scikit-learn.org/stable/modules/impute.html#estimators-that-handle-nan-values",,,,,,,,,,,,,,,,,,,,,,,,,,
regression__mid__harlfoxem_housesalesprediction__kc_house_data,regression__mid__harlfoxem_housesalesprediction__kc_house_data.json,regression,,,failed,can't multiply sequence by non-int of type 'numpy.float64',,,,,,,,,,,,,,,,,,,,,,,,,,
regression__mid__hrokrin_the-largest-diamond-dataset-currely-on-kaggle__diamonds,regression__mid__hrokrin_the-largest-diamond-dataset-currely-on-kaggle__diamonds.json,classification,total_sales_price,naive_bayes,success,,0.5025,0.5206,0.5025,0.4861,4000.0,2348.0,False,/home/joshua/Code/ai_projects/amalia/backend/data/uploads/datasets/regression/mid/hrokrin_the-largest-diamond-dataset-currely-on-kaggle/diamonds.csv,/home/joshua/Code/ai_projects/amalia/data/batch_results/mistral_execution/models/regression__mid__hrokrin_the-largest-diamond-dataset-currely-on-kaggle__diamonds.pkl,3.0,"['1:load_csv', '2:train_classification_model', '3:evaluate_classification_model']",,,,,,,,,,,,,,,
regression__mid__lorenzozoppelletto_financial-risk-for-loan-approval__Loan,regression__mid__lorenzozoppelletto_financial-risk-for-loan-approval__Loan.json,regression,RiskScore,ridge,success,,,,,,4000.0,,,/home/joshua/Code/ai_projects/amalia/backend/data/uploads/datasets/regression/mid/lorenzozoppelletto_financial-risk-for-loan-approval/Loan.csv,/home/joshua/Code/ai_projects/amalia/data/batch_results/mistral_execution/models/regression__mid__lorenzozoppelletto_financial-risk-for-loan-approval__Loan.pkl,3.0,"['1:load_csv', '2:train_regression_model', '3:evaluate_regression_model']",,,,,,,,,,,2.0328,1.5346,4.1322,0.9334,3.1429
regression__mid__mirichoi0218_insurance__insurance,regression__mid__mirichoi0218_insurance__insurance.json,regression,charges,gradient_boosting,success,,,,,,335.0,,,/home/joshua/Code/ai_projects/amalia/backend/data/uploads/datasets/regression/mid/mirichoi0218_insurance/insurance.csv,/home/joshua/Code/ai_projects/amalia/backend/models/regression_model.pkl,4.0,"['1:load_csv', '1:infer_data_types', '2:train_regression_model', '3:evaluate_regression_model']",,,,,,,,,,,27011.5963,24902.8024,729626334.4069,-4.6151,423.7766
regression__mid__ranitsarkar01_porter-delivery-time-estimation__dataset,regression__mid__ranitsarkar01_porter-delivery-time-estimation__dataset.json,regression,,,failed,filter_rows: Unknown condition: notnull,,,,,,,,,,,,,,,,,,,,,,,,,,
regression__mid__rupals_gpu-runtime__sgemm_product,regression__mid__rupals_gpu-runtime__sgemm_product.json,regression,,,failed,get_column_info: Column 'None' not found,,,,,,,,,,,,,,,,,,,,,,,,,,
regression__mid__yasserh_uber-fares-dataset__uber,regression__mid__yasserh_uber-fares-dataset__uber.json,regression,,,failed,get_column_info: Column 'None' not found,,,,,,,,,,,,,,,,,,,,,,,,,,
